+---------------------+
; Unconstrained Paths ;
+---------------------+
+---------------------------------------------------------------------+
; Unconstrained Paths Summary                                         ;
+---------------------------------------------------+--------+--------+
; Property                                          ; Setup  ; Hold   ;
+---------------------------------------------------+--------+--------+
; Illegal Clocks                                    ; 0      ; 0      ;
; Unconstrained Clocks                              ; 0      ; 0      ;
; Unconstrained Input Ports                         ; 193    ; 193    ;
; Paths from Unconstrained Input Ports (Pairs-Only) ; 617199 ; 617199 ;
; Unconstrained Output Ports                        ; 797    ; 797    ;
; Paths to Unconstrained Output Ports (Pairs-Only)  ; 4336   ; 4336   ;
+---------------------------------------------------+--------+--------+

+------------------------------------------+
; Clock Status Summary                     ;
+--------+------------+------+-------------+
; Target ; Clock      ; Type ; Status      ;
+--------+------------+------+-------------+
; clk    ; kernel_clk ; Base ; Constrained ;
+--------+------------+------+-------------+

+----------------+
; Setup Analysis ;
+----------------+
+--------------------------------------------------------------------------------------------------------------+
; Unconstrained Input Ports                                                                                    ;
+-----------------------+--------------------------------------------------------------------------------------+
; Input Port            ; Comment                                                                              ;
+-----------------------+--------------------------------------------------------------------------------------+
; rst_n                 ; No input delay, min/max delays, false-path exceptions, or max skew assignments found ;
; command_valid         ; No input delay, min/max delays, false-path exceptions, or max skew assignments found ;
; command_generation[5] ; No input delay, min/max delays, false-path exceptions, or max skew assignments found ;
; command_generation[6] ; No input delay, min/max delays, false-path exceptions, or max skew assignments found ;
; command_generation[7] ; No input delay, min/max delays, false-path exceptions, or max skew assignments found ;
; command_generation[3] ; No input delay, min/max delays, false-path exceptions, or max skew assignments found ;
; command_generation[4] ; No input delay, min/max delays, false-path exceptions, or max skew assignments found ;
; command_generation[2] ; No input delay, min/max delays, false-path exceptions, or max skew assignments found ;
; command_generation[0] ; No input delay, min/max delays, false-path exceptions, or max skew assignments found ;
; command_generation[1] ; No input delay, min/max delays, false-path exceptions, or max skew assignments found ;
; command_index[17]     ; No input delay, min/max delays, false-path exceptions, or max skew assignments found ;
; command_index[15]     ; No input delay, min/max delays, false-path exceptions, or max skew assignments found ;
; command_index[16]     ; No input delay, min/max delays, false-path exceptions, or max skew assignments found ;
; command_index[14]     ; No input delay, min/max delays, false-path exceptions, or max skew assignments found ;
; command_index[12]     ; No input delay, min/max delays, false-path exceptions, or max skew assignments found ;
; command_index[13]     ; No input delay, min/max delays, false-path exceptions, or max skew assignments found ;
; command_index[11]     ; No input delay, min/max delays, false-path exceptions, or max skew assignments found ;
; command_index[9]      ; No input delay, min/max delays, false-path exceptions, or max skew assignments found ;
; command_index[10]     ; No input delay, min/max delays, false-path exceptions, or max skew assignments found ;
; command_index[8]      ; No input delay, min/max delays, false-path exceptions, or max skew assignments found ;
; command_index[6]      ; No input delay, min/max delays, false-path exceptions, or max skew assignments found ;
; command_index[7]      ; No input delay, min/max delays, false-path exceptions, or max skew assignments found ;
; command_index[2]      ; No input delay, min/max delays, false-path exceptions, or max skew assignments found ;
; command_index[5]      ; No input delay, min/max delays, false-path exceptions, or max skew assignments found ;
; command_index[1]      ; No input delay, min/max delays, false-path exceptions, or max skew assignments found ;
; command_index[0]      ; No input delay, min/max delays, false-path exceptions, or max skew assignments found ;
; command_index[3]      ; No input delay, min/max delays, false-path exceptions, or max skew assignments found ;
; command_index[4]      ; No input delay, min/max delays, false-path exceptions, or max skew assignments found ;
; command_index[29]     ; No input delay, min/max delays, false-path exceptions, or max skew assignments found ;
; command_index[31]     ; No input delay, min/max delays, false-path exceptions, or max skew assignments found ;
; command_index[30]     ; No input delay, min/max delays, false-path exceptions, or max skew assignments found ;
; command_index[28]     ; No input delay, min/max delays, false-path exceptions, or max skew assignments found ;
; command_index[27]     ; No input delay, min/max delays, false-path exceptions, or max skew assignments found ;
; command_index[26]     ; No input delay, min/max delays, false-path exceptions, or max skew assignments found ;
; command_index[24]     ; No input delay, min/max delays, false-path exceptions, or max skew assignments found ;
; command_index[25]     ; No input delay, min/max delays, false-path exceptions, or max skew assignments found ;
; command_index[20]     ; No input delay, min/max delays, false-path exceptions, or max skew assignments found ;
; command_index[23]     ; No input delay, min/max delays, false-path exceptions, or max skew assignments found ;
; command_index[18]     ; No input delay, min/max delays, false-path exceptions, or max skew assignments found ;
; command_index[19]     ; No input delay, min/max delays, false-path exceptions, or max skew assignments found ;
; command_index[21]     ; No input delay, min/max delays, false-path exceptions, or max skew assignments found ;
; command_index[22]     ; No input delay, min/max delays, false-path exceptions, or max skew assignments found ;
; start                 ; No input delay, min/max delays, false-path exceptions, or max skew assignments found ;
; base[26]              ; No input delay, min/max delays, false-path exceptions, or max skew assignments found ;
; base[29]              ; No input delay, min/max delays, false-path exceptions, or max skew assignments found ;
; base[27]              ; No input delay, min/max delays, false-path exceptions, or max skew assignments found ;
; base[28]              ; No input delay, min/max delays, false-path exceptions, or max skew assignments found ;
; base[17]              ; No input delay, min/max delays, false-path exceptions, or max skew assignments found ;
; base[30]              ; No input delay, min/max delays, false-path exceptions, or max skew assignments found ;
; base[31]              ; No input delay, min/max delays, false-path exceptions, or max skew assignments found ;
; base[21]              ; No input delay, min/max delays, false-path exceptions, or max skew assignments found ;
; base[22]              ; No input delay, min/max delays, false-path exceptions, or max skew assignments found ;
; base[25]              ; No input delay, min/max delays, false-path exceptions, or max skew assignments found ;
; base[18]              ; No input delay, min/max delays, false-path exceptions, or max skew assignments found ;
; base[19]              ; No input delay, min/max delays, false-path exceptions, or max skew assignments found ;
; base[20]              ; No input delay, min/max delays, false-path exceptions, or max skew assignments found ;
; base[23]              ; No input delay, min/max delays, false-path exceptions, or max skew assignments found ;
; base[24]              ; No input delay, min/max delays, false-path exceptions, or max skew assignments found ;
; base[16]              ; No input delay, min/max delays, false-path exceptions, or max skew assignments found ;
; base[15]              ; No input delay, min/max delays, false-path exceptions, or max skew assignments found ;
; base[14]              ; No input delay, min/max delays, false-path exceptions, or max skew assignments found ;
; base[11]              ; No input delay, min/max delays, false-path exceptions, or max skew assignments found ;
; base[9]               ; No input delay, min/max delays, false-path exceptions, or max skew assignments found ;
; base[10]              ; No input delay, min/max delays, false-path exceptions, or max skew assignments found ;
; base[0]               ; No input delay, min/max delays, false-path exceptions, or max skew assignments found ;
; base[1]               ; No input delay, min/max delays, false-path exceptions, or max skew assignments found ;
; base[2]               ; No input delay, min/max delays, false-path exceptions, or max skew assignments found ;
; base[12]              ; No input delay, min/max delays, false-path exceptions, or max skew assignments found ;
; base[13]              ; No input delay, min/max delays, false-path exceptions, or max skew assignments found ;
; base[8]               ; No input delay, min/max delays, false-path exceptions, or max skew assignments found ;
; base[7]               ; No input delay, min/max delays, false-path exceptions, or max skew assignments found ;
; base[6]               ; No input delay, min/max delays, false-path exceptions, or max skew assignments found ;
; base[5]               ; No input delay, min/max delays, false-path exceptions, or max skew assignments found ;
; base[3]               ; No input delay, min/max delays, false-path exceptions, or max skew assignments found ;
; base[4]               ; No input delay, min/max delays, false-path exceptions, or max skew assignments found ;
; batch_mode            ; No input delay, min/max delays, false-path exceptions, or max skew assignments found ;
; warm_count[5]         ; No input delay, min/max delays, false-path exceptions, or max skew assignments found ;
; feed_mode             ; No input delay, min/max delays, false-path exceptions, or max skew assignments found ;
; warm_count[0]         ; No input delay, min/max delays, false-path exceptions, or max skew assignments found ;
; warm_count[4]         ; No input delay, min/max delays, false-path exceptions, or max skew assignments found ;
; warm_count[3]         ; No input delay, min/max delays, false-path exceptions, or max skew assignments found ;
; warm_count[2]         ; No input delay, min/max delays, false-path exceptions, or max skew assignments found ;
; warm_count[1]         ; No input delay, min/max delays, false-path exceptions, or max skew assignments found ;
; warm_count[30]        ; No input delay, min/max delays, false-path exceptions, or max skew assignments found ;
; warm_count[31]        ; No input delay, min/max delays, false-path exceptions, or max skew assignments found ;
; warm_count[29]        ; No input delay, min/max delays, false-path exceptions, or max skew assignments found ;
; warm_count[28]        ; No input delay, min/max delays, false-path exceptions, or max skew assignments found ;
; warm_count[27]        ; No input delay, min/max delays, false-path exceptions, or max skew assignments found ;
; warm_count[26]        ; No input delay, min/max delays, false-path exceptions, or max skew assignments found ;
; warm_count[24]        ; No input delay, min/max delays, false-path exceptions, or max skew assignments found ;
; warm_count[25]        ; No input delay, min/max delays, false-path exceptions, or max skew assignments found ;
; warm_count[23]        ; No input delay, min/max delays, false-path exceptions, or max skew assignments found ;
; warm_count[22]        ; No input delay, min/max delays, false-path exceptions, or max skew assignments found ;
; warm_count[21]        ; No input delay, min/max delays, false-path exceptions, or max skew assignments found ;
; warm_count[20]        ; No input delay, min/max delays, false-path exceptions, or max skew assignments found ;
; warm_count[18]        ; No input delay, min/max delays, false-path exceptions, or max skew assignments found ;
; warm_count[19]        ; No input delay, min/max delays, false-path exceptions, or max skew assignments found ;
; warm_count[11]        ; No input delay, min/max delays, false-path exceptions, or max skew assignments found ;
; warm_count[17]        ; No input delay, min/max delays, false-path exceptions, or max skew assignments found ;
; warm_count[16]        ; No input delay, min/max delays, false-path exceptions, or max skew assignments found ;
; warm_count[15]        ; No input delay, min/max delays, false-path exceptions, or max skew assignments found ;
; warm_count[14]        ; No input delay, min/max delays, false-path exceptions, or max skew assignments found ;
; warm_count[12]        ; No input delay, min/max delays, false-path exceptions, or max skew assignments found ;
; warm_count[13]        ; No input delay, min/max delays, false-path exceptions, or max skew assignments found ;
; warm_count[10]        ; No input delay, min/max delays, false-path exceptions, or max skew assignments found ;
; warm_count[9]         ; No input delay, min/max delays, false-path exceptions, or max skew assignments found ;
; warm_count[8]         ; No input delay, min/max delays, false-path exceptions, or max skew assignments found ;
; warm_count[6]         ; No input delay, min/max delays, false-path exceptions, or max skew assignments found ;
; warm_count[7]         ; No input delay, min/max delays, false-path exceptions, or max skew assignments found ;
; load_we               ; No input delay, min/max delays, false-path exceptions, or max skew assignments found ;
; read_en               ; No input delay, min/max delays, false-path exceptions, or max skew assignments found ;
; host_addr[15]         ; No input delay, min/max delays, false-path exceptions, or max skew assignments found ;
; host_addr[13]         ; No input delay, min/max delays, false-path exceptions, or max skew assignments found ;
; host_addr[14]         ; No input delay, min/max delays, false-path exceptions, or max skew assignments found ;
; host_addr[12]         ; No input delay, min/max delays, false-path exceptions, or max skew assignments found ;
; host_addr[0]          ; No input delay, min/max delays, false-path exceptions, or max skew assignments found ;
; host_addr[1]          ; No input delay, min/max delays, false-path exceptions, or max skew assignments found ;
; host_addr[2]          ; No input delay, min/max delays, false-path exceptions, or max skew assignments found ;
; host_addr[3]          ; No input delay, min/max delays, false-path exceptions, or max skew assignments found ;
; host_addr[4]          ; No input delay, min/max delays, false-path exceptions, or max skew assignments found ;
; host_addr[5]          ; No input delay, min/max delays, false-path exceptions, or max skew assignments found ;
; host_addr[6]          ; No input delay, min/max delays, false-path exceptions, or max skew assignments found ;
; host_addr[7]          ; No input delay, min/max delays, false-path exceptions, or max skew assignments found ;
; host_addr[8]          ; No input delay, min/max delays, false-path exceptions, or max skew assignments found ;
; host_addr[9]          ; No input delay, min/max delays, false-path exceptions, or max skew assignments found ;
; host_addr[10]         ; No input delay, min/max delays, false-path exceptions, or max skew assignments found ;
; host_addr[11]         ; No input delay, min/max delays, false-path exceptions, or max skew assignments found ;
; write_data[0]         ; No input delay, min/max delays, false-path exceptions, or max skew assignments found ;
; write_data[1]         ; No input delay, min/max delays, false-path exceptions, or max skew assignments found ;
; write_data[2]         ; No input delay, min/max delays, false-path exceptions, or max skew assignments found ;
; write_data[3]         ; No input delay, min/max delays, false-path exceptions, or max skew assignments found ;
; write_data[4]         ; No input delay, min/max delays, false-path exceptions, or max skew assignments found ;
; write_data[5]         ; No input delay, min/max delays, false-path exceptions, or max skew assignments found ;
; write_data[6]         ; No input delay, min/max delays, false-path exceptions, or max skew assignments found ;
; write_data[7]         ; No input delay, min/max delays, false-path exceptions, or max skew assignments found ;
; write_data[8]         ; No input delay, min/max delays, false-path exceptions, or max skew assignments found ;
; write_data[9]         ; No input delay, min/max delays, false-path exceptions, or max skew assignments found ;
; write_data[10]        ; No input delay, min/max delays, false-path exceptions, or max skew assignments found ;
; write_data[11]        ; No input delay, min/max delays, false-path exceptions, or max skew assignments found ;
; write_data[12]        ; No input delay, min/max delays, false-path exceptions, or max skew assignments found ;
; write_data[13]        ; No input delay, min/max delays, false-path exceptions, or max skew assignments found ;
; write_data[14]        ; No input delay, min/max delays, false-path exceptions, or max skew assignments found ;
; write_data[15]        ; No input delay, min/max delays, false-path exceptions, or max skew assignments found ;
; write_data[16]        ; No input delay, min/max delays, false-path exceptions, or max skew assignments found ;
; write_data[17]        ; No input delay, min/max delays, false-path exceptions, or max skew assignments found ;
; write_data[18]        ; No input delay, min/max delays, false-path exceptions, or max skew assignments found ;
; write_data[19]        ; No input delay, min/max delays, false-path exceptions, or max skew assignments found ;
; write_data[20]        ; No input delay, min/max delays, false-path exceptions, or max skew assignments found ;
; write_data[21]        ; No input delay, min/max delays, false-path exceptions, or max skew assignments found ;
; write_data[22]        ; No input delay, min/max delays, false-path exceptions, or max skew assignments found ;
; write_data[23]        ; No input delay, min/max delays, false-path exceptions, or max skew assignments found ;
; write_data[24]        ; No input delay, min/max delays, false-path exceptions, or max skew assignments found ;
; write_data[25]        ; No input delay, min/max delays, false-path exceptions, or max skew assignments found ;
; write_data[26]        ; No input delay, min/max delays, false-path exceptions, or max skew assignments found ;
; write_data[27]        ; No input delay, min/max delays, false-path exceptions, or max skew assignments found ;
; write_data[28]        ; No input delay, min/max delays, false-path exceptions, or max skew assignments found ;
; write_data[29]        ; No input delay, min/max delays, false-path exceptions, or max skew assignments found ;
; write_data[30]        ; No input delay, min/max delays, false-path exceptions, or max skew assignments found ;
; write_data[31]        ; No input delay, min/max delays, false-path exceptions, or max skew assignments found ;
; double_bit            ; No input delay, min/max delays, false-path exceptions, or max skew assignments found ;
; command_double        ; No input delay, min/max delays, false-path exceptions, or max skew assignments found ;
; double_mask[5]        ; No input delay, min/max delays, false-path exceptions, or max skew assignments found ;
; double_mask[7]        ; No input delay, min/max delays, false-path exceptions, or max skew assignments found ;
; double_mask[4]        ; No input delay, min/max delays, false-path exceptions, or max skew assignments found ;
; double_mask[6]        ; No input delay, min/max delays, false-path exceptions, or max skew assignments found ;
; double_mask[13]       ; No input delay, min/max delays, false-path exceptions, or max skew assignments found ;
; double_mask[15]       ; No input delay, min/max delays, false-path exceptions, or max skew assignments found ;
; double_mask[12]       ; No input delay, min/max delays, false-path exceptions, or max skew assignments found ;
; double_mask[14]       ; No input delay, min/max delays, false-path exceptions, or max skew assignments found ;
; double_mask[21]       ; No input delay, min/max delays, false-path exceptions, or max skew assignments found ;
; double_mask[23]       ; No input delay, min/max delays, false-path exceptions, or max skew assignments found ;
; double_mask[20]       ; No input delay, min/max delays, false-path exceptions, or max skew assignments found ;
; double_mask[22]       ; No input delay, min/max delays, false-path exceptions, or max skew assignments found ;
; double_mask[29]       ; No input delay, min/max delays, false-path exceptions, or max skew assignments found ;
; double_mask[31]       ; No input delay, min/max delays, false-path exceptions, or max skew assignments found ;
; double_mask[28]       ; No input delay, min/max delays, false-path exceptions, or max skew assignments found ;
; double_mask[30]       ; No input delay, min/max delays, false-path exceptions, or max skew assignments found ;
; double_mask[1]        ; No input delay, min/max delays, false-path exceptions, or max skew assignments found ;
; double_mask[3]        ; No input delay, min/max delays, false-path exceptions, or max skew assignments found ;
; double_mask[0]        ; No input delay, min/max delays, false-path exceptions, or max skew assignments found ;
; double_mask[2]        ; No input delay, min/max delays, false-path exceptions, or max skew assignments found ;
; double_mask[9]        ; No input delay, min/max delays, false-path exceptions, or max skew assignments found ;
; double_mask[11]       ; No input delay, min/max delays, false-path exceptions, or max skew assignments found ;
; double_mask[8]        ; No input delay, min/max delays, false-path exceptions, or max skew assignments found ;
; double_mask[10]       ; No input delay, min/max delays, false-path exceptions, or max skew assignments found ;
; double_mask[17]       ; No input delay, min/max delays, false-path exceptions, or max skew assignments found ;
; double_mask[19]       ; No input delay, min/max delays, false-path exceptions, or max skew assignments found ;
; double_mask[16]       ; No input delay, min/max delays, false-path exceptions, or max skew assignments found ;
; double_mask[18]       ; No input delay, min/max delays, false-path exceptions, or max skew assignments found ;
; double_mask[25]       ; No input delay, min/max delays, false-path exceptions, or max skew assignments found ;
; double_mask[27]       ; No input delay, min/max delays, false-path exceptions, or max skew assignments found ;
; double_mask[24]       ; No input delay, min/max delays, false-path exceptions, or max skew assignments found ;
; double_mask[26]       ; No input delay, min/max delays, false-path exceptions, or max skew assignments found ;
+-----------------------+--------------------------------------------------------------------------------------+

+----------------------------------------------------------------------------------------------------------------+
; Unconstrained Output Ports                                                                                     ;
+------------------------+---------------------------------------------------------------------------------------+
; Output Port            ; Comment                                                                               ;
+------------------------+---------------------------------------------------------------------------------------+
; read_valid             ; No output delay, min/max delays, false-path exceptions, or max skew assignments found ;
; read_data[0]           ; No output delay, min/max delays, false-path exceptions, or max skew assignments found ;
; read_data[1]           ; No output delay, min/max delays, false-path exceptions, or max skew assignments found ;
; read_data[2]           ; No output delay, min/max delays, false-path exceptions, or max skew assignments found ;
; read_data[3]           ; No output delay, min/max delays, false-path exceptions, or max skew assignments found ;
; read_data[4]           ; No output delay, min/max delays, false-path exceptions, or max skew assignments found ;
; read_data[5]           ; No output delay, min/max delays, false-path exceptions, or max skew assignments found ;
; read_data[6]           ; No output delay, min/max delays, false-path exceptions, or max skew assignments found ;
; read_data[7]           ; No output delay, min/max delays, false-path exceptions, or max skew assignments found ;
; read_data[8]           ; No output delay, min/max delays, false-path exceptions, or max skew assignments found ;
; read_data[9]           ; No output delay, min/max delays, false-path exceptions, or max skew assignments found ;
; read_data[10]          ; No output delay, min/max delays, false-path exceptions, or max skew assignments found ;
; read_data[11]          ; No output delay, min/max delays, false-path exceptions, or max skew assignments found ;
; read_data[12]          ; No output delay, min/max delays, false-path exceptions, or max skew assignments found ;
; read_data[13]          ; No output delay, min/max delays, false-path exceptions, or max skew assignments found ;
; read_data[14]          ; No output delay, min/max delays, false-path exceptions, or max skew assignments found ;
; read_data[15]          ; No output delay, min/max delays, false-path exceptions, or max skew assignments found ;
; read_data[16]          ; No output delay, min/max delays, false-path exceptions, or max skew assignments found ;
; read_data[17]          ; No output delay, min/max delays, false-path exceptions, or max skew assignments found ;
; read_data[18]          ; No output delay, min/max delays, false-path exceptions, or max skew assignments found ;
; read_data[19]          ; No output delay, min/max delays, false-path exceptions, or max skew assignments found ;
; read_data[20]          ; No output delay, min/max delays, false-path exceptions, or max skew assignments found ;
; read_data[21]          ; No output delay, min/max delays, false-path exceptions, or max skew assignments found ;
; read_data[22]          ; No output delay, min/max delays, false-path exceptions, or max skew assignments found ;
; read_data[23]          ; No output delay, min/max delays, false-path exceptions, or max skew assignments found ;
; read_data[24]          ; No output delay, min/max delays, false-path exceptions, or max skew assignments found ;
; read_data[25]          ; No output delay, min/max delays, false-path exceptions, or max skew assignments found ;
; read_data[26]          ; No output delay, min/max delays, false-path exceptions, or max skew assignments found ;
; read_data[27]          ; No output delay, min/max delays, false-path exceptions, or max skew assignments found ;
; read_data[28]          ; No output delay, min/max delays, false-path exceptions, or max skew assignments found ;
; read_data[29]          ; No output delay, min/max delays, false-path exceptions, or max skew assignments found ;
; read_data[30]          ; No output delay, min/max delays, false-path exceptions, or max skew assignments found ;
; read_data[31]          ; No output delay, min/max delays, false-path exceptions, or max skew assignments found ;
; read_data[32]          ; No output delay, min/max delays, false-path exceptions, or max skew assignments found ;
; read_data[33]          ; No output delay, min/max delays, false-path exceptions, or max skew assignments found ;
; read_data[34]          ; No output delay, min/max delays, false-path exceptions, or max skew assignments found ;
; read_data[35]          ; No output delay, min/max delays, false-path exceptions, or max skew assignments found ;
; read_data[36]          ; No output delay, min/max delays, false-path exceptions, or max skew assignments found ;
; read_data[37]          ; No output delay, min/max delays, false-path exceptions, or max skew assignments found ;
; read_data[38]          ; No output delay, min/max delays, false-path exceptions, or max skew assignments found ;
; read_data[39]          ; No output delay, min/max delays, false-path exceptions, or max skew assignments found ;
; read_data[40]          ; No output delay, min/max delays, false-path exceptions, or max skew assignments found ;
; read_data[41]          ; No output delay, min/max delays, false-path exceptions, or max skew assignments found ;
; read_data[42]          ; No output delay, min/max delays, false-path exceptions, or max skew assignments found ;
; read_data[43]          ; No output delay, min/max delays, false-path exceptions, or max skew assignments found ;
; read_data[44]          ; No output delay, min/max delays, false-path exceptions, or max skew assignments found ;
; read_data[45]          ; No output delay, min/max delays, false-path exceptions, or max skew assignments found ;
; read_data[46]          ; No output delay, min/max delays, false-path exceptions, or max skew assignments found ;
; read_data[47]          ; No output delay, min/max delays, false-path exceptions, or max skew assignments found ;
; read_data[48]          ; No output delay, min/max delays, false-path exceptions, or max skew assignments found ;
; read_data[49]          ; No output delay, min/max delays, false-path exceptions, or max skew assignments found ;
; read_data[50]          ; No output delay, min/max delays, false-path exceptions, or max skew assignments found ;
; read_data[51]          ; No output delay, min/max delays, false-path exceptions, or max skew assignments found ;
; read_data[52]          ; No output delay, min/max delays, false-path exceptions, or max skew assignments found ;
; read_data[53]          ; No output delay, min/max delays, false-path exceptions, or max skew assignments found ;
; read_data[54]          ; No output delay, min/max delays, false-path exceptions, or max skew assignments found ;
; read_data[55]          ; No output delay, min/max delays, false-path exceptions, or max skew assignments found ;
; read_data[56]          ; No output delay, min/max delays, false-path exceptions, or max skew assignments found ;
; read_data[57]          ; No output delay, min/max delays, false-path exceptions, or max skew assignments found ;
; read_data[58]          ; No output delay, min/max delays, false-path exceptions, or max skew assignments found ;
; read_data[59]          ; No output delay, min/max delays, false-path exceptions, or max skew assignments found ;
; read_data[60]          ; No output delay, min/max delays, false-path exceptions, or max skew assignments found ;
; read_data[61]          ; No output delay, min/max delays, false-path exceptions, or max skew assignments found ;
; read_data[62]          ; No output delay, min/max delays, false-path exceptions, or max skew assignments found ;
; read_data[63]          ; No output delay, min/max delays, false-path exceptions, or max skew assignments found ;
; read_data[64]          ; No output delay, min/max delays, false-path exceptions, or max skew assignments found ;
; read_data[65]          ; No output delay, min/max delays, false-path exceptions, or max skew assignments found ;
; read_data[66]          ; No output delay, min/max delays, false-path exceptions, or max skew assignments found ;
; read_data[67]          ; No output delay, min/max delays, false-path exceptions, or max skew assignments found ;
; read_data[68]          ; No output delay, min/max delays, false-path exceptions, or max skew assignments found ;
; read_data[69]          ; No output delay, min/max delays, false-path exceptions, or max skew assignments found ;
; read_data[70]          ; No output delay, min/max delays, false-path exceptions, or max skew assignments found ;
; read_data[71]          ; No output delay, min/max delays, false-path exceptions, or max skew assignments found ;
; read_data[72]          ; No output delay, min/max delays, false-path exceptions, or max skew assignments found ;
; read_data[73]          ; No output delay, min/max delays, false-path exceptions, or max skew assignments found ;
; read_data[74]          ; No output delay, min/max delays, false-path exceptions, or max skew assignments found ;
; read_data[75]          ; No output delay, min/max delays, false-path exceptions, or max skew assignments found ;
; read_data[76]          ; No output delay, min/max delays, false-path exceptions, or max skew assignments found ;
; read_data[77]          ; No output delay, min/max delays, false-path exceptions, or max skew assignments found ;
; read_data[78]          ; No output delay, min/max delays, false-path exceptions, or max skew assignments found ;
; read_data[79]          ; No output delay, min/max delays, false-path exceptions, or max skew assignments found ;
; read_data[80]          ; No output delay, min/max delays, false-path exceptions, or max skew assignments found ;
; read_data[81]          ; No output delay, min/max delays, false-path exceptions, or max skew assignments found ;
; read_data[82]          ; No output delay, min/max delays, false-path exceptions, or max skew assignments found ;
; read_data[83]          ; No output delay, min/max delays, false-path exceptions, or max skew assignments found ;
; read_data[84]          ; No output delay, min/max delays, false-path exceptions, or max skew assignments found ;
; read_data[85]          ; No output delay, min/max delays, false-path exceptions, or max skew assignments found ;
; read_data[86]          ; No output delay, min/max delays, false-path exceptions, or max skew assignments found ;
; read_data[87]          ; No output delay, min/max delays, false-path exceptions, or max skew assignments found ;
; read_data[88]          ; No output delay, min/max delays, false-path exceptions, or max skew assignments found ;
; read_data[89]          ; No output delay, min/max delays, false-path exceptions, or max skew assignments found ;
; read_data[90]          ; No output delay, min/max delays, false-path exceptions, or max skew assignments found ;
; read_data[91]          ; No output delay, min/max delays, false-path exceptions, or max skew assignments found ;
; read_data[92]          ; No output delay, min/max delays, false-path exceptions, or max skew assignments found ;
; read_data[93]          ; No output delay, min/max delays, false-path exceptions, or max skew assignments found ;
; read_data[94]          ; No output delay, min/max delays, false-path exceptions, or max skew assignments found ;
; read_data[95]          ; No output delay, min/max delays, false-path exceptions, or max skew assignments found ;
; busy                   ; No output delay, min/max delays, false-path exceptions, or max skew assignments found ;
; done                   ; No output delay, min/max delays, false-path exceptions, or max skew assignments found ;
; error                  ; No output delay, min/max delays, false-path exceptions, or max skew assignments found ;
; cycles[0]              ; No output delay, min/max delays, false-path exceptions, or max skew assignments found ;
; cycles[1]              ; No output delay, min/max delays, false-path exceptions, or max skew assignments found ;
; cycles[2]              ; No output delay, min/max delays, false-path exceptions, or max skew assignments found ;
; cycles[3]              ; No output delay, min/max delays, false-path exceptions, or max skew assignments found ;
; cycles[4]              ; No output delay, min/max delays, false-path exceptions, or max skew assignments found ;
; cycles[5]              ; No output delay, min/max delays, false-path exceptions, or max skew assignments found ;
; cycles[6]              ; No output delay, min/max delays, false-path exceptions, or max skew assignments found ;
; cycles[7]              ; No output delay, min/max delays, false-path exceptions, or max skew assignments found ;
; cycles[8]              ; No output delay, min/max delays, false-path exceptions, or max skew assignments found ;
; cycles[9]              ; No output delay, min/max delays, false-path exceptions, or max skew assignments found ;
; cycles[10]             ; No output delay, min/max delays, false-path exceptions, or max skew assignments found ;
; cycles[11]             ; No output delay, min/max delays, false-path exceptions, or max skew assignments found ;
; cycles[12]             ; No output delay, min/max delays, false-path exceptions, or max skew assignments found ;
; cycles[13]             ; No output delay, min/max delays, false-path exceptions, or max skew assignments found ;
; cycles[14]             ; No output delay, min/max delays, false-path exceptions, or max skew assignments found ;
; cycles[15]             ; No output delay, min/max delays, false-path exceptions, or max skew assignments found ;
; cycles[16]             ; No output delay, min/max delays, false-path exceptions, or max skew assignments found ;
; cycles[17]             ; No output delay, min/max delays, false-path exceptions, or max skew assignments found ;
; cycles[18]             ; No output delay, min/max delays, false-path exceptions, or max skew assignments found ;
; cycles[19]             ; No output delay, min/max delays, false-path exceptions, or max skew assignments found ;
; cycles[20]             ; No output delay, min/max delays, false-path exceptions, or max skew assignments found ;
; cycles[21]             ; No output delay, min/max delays, false-path exceptions, or max skew assignments found ;
; cycles[22]             ; No output delay, min/max delays, false-path exceptions, or max skew assignments found ;
; cycles[23]             ; No output delay, min/max delays, false-path exceptions, or max skew assignments found ;
; cycles[24]             ; No output delay, min/max delays, false-path exceptions, or max skew assignments found ;
; cycles[25]             ; No output delay, min/max delays, false-path exceptions, or max skew assignments found ;
; cycles[26]             ; No output delay, min/max delays, false-path exceptions, or max skew assignments found ;
; cycles[27]             ; No output delay, min/max delays, false-path exceptions, or max skew assignments found ;
; cycles[28]             ; No output delay, min/max delays, false-path exceptions, or max skew assignments found ;
; cycles[29]             ; No output delay, min/max delays, false-path exceptions, or max skew assignments found ;
; cycles[30]             ; No output delay, min/max delays, false-path exceptions, or max skew assignments found ;
; cycles[31]             ; No output delay, min/max delays, false-path exceptions, or max skew assignments found ;
; cycles[32]             ; No output delay, min/max delays, false-path exceptions, or max skew assignments found ;
; cycles[33]             ; No output delay, min/max delays, false-path exceptions, or max skew assignments found ;
; cycles[34]             ; No output delay, min/max delays, false-path exceptions, or max skew assignments found ;
; cycles[35]             ; No output delay, min/max delays, false-path exceptions, or max skew assignments found ;
; cycles[36]             ; No output delay, min/max delays, false-path exceptions, or max skew assignments found ;
; cycles[37]             ; No output delay, min/max delays, false-path exceptions, or max skew assignments found ;
; cycles[38]             ; No output delay, min/max delays, false-path exceptions, or max skew assignments found ;
; cycles[39]             ; No output delay, min/max delays, false-path exceptions, or max skew assignments found ;
; cycles[40]             ; No output delay, min/max delays, false-path exceptions, or max skew assignments found ;
; cycles[41]             ; No output delay, min/max delays, false-path exceptions, or max skew assignments found ;
; cycles[42]             ; No output delay, min/max delays, false-path exceptions, or max skew assignments found ;
; cycles[43]             ; No output delay, min/max delays, false-path exceptions, or max skew assignments found ;
; cycles[44]             ; No output delay, min/max delays, false-path exceptions, or max skew assignments found ;
; cycles[45]             ; No output delay, min/max delays, false-path exceptions, or max skew assignments found ;
; cycles[46]             ; No output delay, min/max delays, false-path exceptions, or max skew assignments found ;
; cycles[47]             ; No output delay, min/max delays, false-path exceptions, or max skew assignments found ;
; cycles[48]             ; No output delay, min/max delays, false-path exceptions, or max skew assignments found ;
; cycles[49]             ; No output delay, min/max delays, false-path exceptions, or max skew assignments found ;
; cycles[50]             ; No output delay, min/max delays, false-path exceptions, or max skew assignments found ;
; cycles[51]             ; No output delay, min/max delays, false-path exceptions, or max skew assignments found ;
; cycles[52]             ; No output delay, min/max delays, false-path exceptions, or max skew assignments found ;
; cycles[53]             ; No output delay, min/max delays, false-path exceptions, or max skew assignments found ;
; cycles[54]             ; No output delay, min/max delays, false-path exceptions, or max skew assignments found ;
; cycles[55]             ; No output delay, min/max delays, false-path exceptions, or max skew assignments found ;
; cycles[56]             ; No output delay, min/max delays, false-path exceptions, or max skew assignments found ;
; cycles[57]             ; No output delay, min/max delays, false-path exceptions, or max skew assignments found ;
; cycles[58]             ; No output delay, min/max delays, false-path exceptions, or max skew assignments found ;
; cycles[59]             ; No output delay, min/max delays, false-path exceptions, or max skew assignments found ;
; cycles[60]             ; No output delay, min/max delays, false-path exceptions, or max skew assignments found ;
; cycles[61]             ; No output delay, min/max delays, false-path exceptions, or max skew assignments found ;
; cycles[62]             ; No output delay, min/max delays, false-path exceptions, or max skew assignments found ;
; cycles[63]             ; No output delay, min/max delays, false-path exceptions, or max skew assignments found ;
; conversion_cycles[0]   ; No output delay, min/max delays, false-path exceptions, or max skew assignments found ;
; conversion_cycles[1]   ; No output delay, min/max delays, false-path exceptions, or max skew assignments found ;
; conversion_cycles[2]   ; No output delay, min/max delays, false-path exceptions, or max skew assignments found ;
; conversion_cycles[3]   ; No output delay, min/max delays, false-path exceptions, or max skew assignments found ;
; conversion_cycles[4]   ; No output delay, min/max delays, false-path exceptions, or max skew assignments found ;
; conversion_cycles[5]   ; No output delay, min/max delays, false-path exceptions, or max skew assignments found ;
; conversion_cycles[6]   ; No output delay, min/max delays, false-path exceptions, or max skew assignments found ;
; conversion_cycles[7]   ; No output delay, min/max delays, false-path exceptions, or max skew assignments found ;
; conversion_cycles[8]   ; No output delay, min/max delays, false-path exceptions, or max skew assignments found ;
; conversion_cycles[9]   ; No output delay, min/max delays, false-path exceptions, or max skew assignments found ;
; conversion_cycles[10]  ; No output delay, min/max delays, false-path exceptions, or max skew assignments found ;
; conversion_cycles[11]  ; No output delay, min/max delays, false-path exceptions, or max skew assignments found ;
; conversion_cycles[12]  ; No output delay, min/max delays, false-path exceptions, or max skew assignments found ;
; conversion_cycles[13]  ; No output delay, min/max delays, false-path exceptions, or max skew assignments found ;
; conversion_cycles[14]  ; No output delay, min/max delays, false-path exceptions, or max skew assignments found ;
; conversion_cycles[15]  ; No output delay, min/max delays, false-path exceptions, or max skew assignments found ;
; conversion_cycles[16]  ; No output delay, min/max delays, false-path exceptions, or max skew assignments found ;
; conversion_cycles[17]  ; No output delay, min/max delays, false-path exceptions, or max skew assignments found ;
; conversion_cycles[18]  ; No output delay, min/max delays, false-path exceptions, or max skew assignments found ;
; conversion_cycles[19]  ; No output delay, min/max delays, false-path exceptions, or max skew assignments found ;
; conversion_cycles[20]  ; No output delay, min/max delays, false-path exceptions, or max skew assignments found ;
; conversion_cycles[21]  ; No output delay, min/max delays, false-path exceptions, or max skew assignments found ;
; conversion_cycles[22]  ; No output delay, min/max delays, false-path exceptions, or max skew assignments found ;
; conversion_cycles[23]  ; No output delay, min/max delays, false-path exceptions, or max skew assignments found ;
; conversion_cycles[24]  ; No output delay, min/max delays, false-path exceptions, or max skew assignments found ;
; conversion_cycles[25]  ; No output delay, min/max delays, false-path exceptions, or max skew assignments found ;
; conversion_cycles[26]  ; No output delay, min/max delays, false-path exceptions, or max skew assignments found ;
; conversion_cycles[27]  ; No output delay, min/max delays, false-path exceptions, or max skew assignments found ;
; conversion_cycles[28]  ; No output delay, min/max delays, false-path exceptions, or max skew assignments found ;
; conversion_cycles[29]  ; No output delay, min/max delays, false-path exceptions, or max skew assignments found ;
; conversion_cycles[30]  ; No output delay, min/max delays, false-path exceptions, or max skew assignments found ;
; conversion_cycles[31]  ; No output delay, min/max delays, false-path exceptions, or max skew assignments found ;
; conversion_cycles[32]  ; No output delay, min/max delays, false-path exceptions, or max skew assignments found ;
; conversion_cycles[33]  ; No output delay, min/max delays, false-path exceptions, or max skew assignments found ;
; conversion_cycles[34]  ; No output delay, min/max delays, false-path exceptions, or max skew assignments found ;
; conversion_cycles[35]  ; No output delay, min/max delays, false-path exceptions, or max skew assignments found ;
; conversion_cycles[36]  ; No output delay, min/max delays, false-path exceptions, or max skew assignments found ;
; conversion_cycles[37]  ; No output delay, min/max delays, false-path exceptions, or max skew assignments found ;
; conversion_cycles[38]  ; No output delay, min/max delays, false-path exceptions, or max skew assignments found ;
; conversion_cycles[39]  ; No output delay, min/max delays, false-path exceptions, or max skew assignments found ;
; conversion_cycles[40]  ; No output delay, min/max delays, false-path exceptions, or max skew assignments found ;
; conversion_cycles[41]  ; No output delay, min/max delays, false-path exceptions, or max skew assignments found ;
; conversion_cycles[42]  ; No output delay, min/max delays, false-path exceptions, or max skew assignments found ;
; conversion_cycles[43]  ; No output delay, min/max delays, false-path exceptions, or max skew assignments found ;
; conversion_cycles[44]  ; No output delay, min/max delays, false-path exceptions, or max skew assignments found ;
; conversion_cycles[45]  ; No output delay, min/max delays, false-path exceptions, or max skew assignments found ;
; conversion_cycles[46]  ; No output delay, min/max delays, false-path exceptions, or max skew assignments found ;
; conversion_cycles[47]  ; No output delay, min/max delays, false-path exceptions, or max skew assignments found ;
; conversion_cycles[48]  ; No output delay, min/max delays, false-path exceptions, or max skew assignments found ;
; conversion_cycles[49]  ; No output delay, min/max delays, false-path exceptions, or max skew assignments found ;
; conversion_cycles[50]  ; No output delay, min/max delays, false-path exceptions, or max skew assignments found ;
; conversion_cycles[51]  ; No output delay, min/max delays, false-path exceptions, or max skew assignments found ;
; conversion_cycles[52]  ; No output delay, min/max delays, false-path exceptions, or max skew assignments found ;
; conversion_cycles[53]  ; No output delay, min/max delays, false-path exceptions, or max skew assignments found ;
; conversion_cycles[54]  ; No output delay, min/max delays, false-path exceptions, or max skew assignments found ;
; conversion_cycles[55]  ; No output delay, min/max delays, false-path exceptions, or max skew assignments found ;
; conversion_cycles[56]  ; No output delay, min/max delays, false-path exceptions, or max skew assignments found ;
; conversion_cycles[57]  ; No output delay, min/max delays, false-path exceptions, or max skew assignments found ;
; conversion_cycles[58]  ; No output delay, min/max delays, false-path exceptions, or max skew assignments found ;
; conversion_cycles[59]  ; No output delay, min/max delays, false-path exceptions, or max skew assignments found ;
; conversion_cycles[60]  ; No output delay, min/max delays, false-path exceptions, or max skew assignments found ;
; conversion_cycles[61]  ; No output delay, min/max delays, false-path exceptions, or max skew assignments found ;
; conversion_cycles[62]  ; No output delay, min/max delays, false-path exceptions, or max skew assignments found ;
; conversion_cycles[63]  ; No output delay, min/max delays, false-path exceptions, or max skew assignments found ;
; root_cycles[0]         ; No output delay, min/max delays, false-path exceptions, or max skew assignments found ;
; root_cycles[1]         ; No output delay, min/max delays, false-path exceptions, or max skew assignments found ;
; root_cycles[2]         ; No output delay, min/max delays, false-path exceptions, or max skew assignments found ;
; root_cycles[3]         ; No output delay, min/max delays, false-path exceptions, or max skew assignments found ;
; root_cycles[4]         ; No output delay, min/max delays, false-path exceptions, or max skew assignments found ;
; root_cycles[5]         ; No output delay, min/max delays, false-path exceptions, or max skew assignments found ;
; root_cycles[6]         ; No output delay, min/max delays, false-path exceptions, or max skew assignments found ;
; root_cycles[7]         ; No output delay, min/max delays, false-path exceptions, or max skew assignments found ;
; root_cycles[8]         ; No output delay, min/max delays, false-path exceptions, or max skew assignments found ;
; root_cycles[9]         ; No output delay, min/max delays, false-path exceptions, or max skew assignments found ;
; root_cycles[10]        ; No output delay, min/max delays, false-path exceptions, or max skew assignments found ;
; root_cycles[11]        ; No output delay, min/max delays, false-path exceptions, or max skew assignments found ;
; root_cycles[12]        ; No output delay, min/max delays, false-path exceptions, or max skew assignments found ;
; root_cycles[13]        ; No output delay, min/max delays, false-path exceptions, or max skew assignments found ;
; root_cycles[14]        ; No output delay, min/max delays, false-path exceptions, or max skew assignments found ;
; root_cycles[15]        ; No output delay, min/max delays, false-path exceptions, or max skew assignments found ;
; root_cycles[16]        ; No output delay, min/max delays, false-path exceptions, or max skew assignments found ;
; root_cycles[17]        ; No output delay, min/max delays, false-path exceptions, or max skew assignments found ;
; root_cycles[18]        ; No output delay, min/max delays, false-path exceptions, or max skew assignments found ;
; root_cycles[19]        ; No output delay, min/max delays, false-path exceptions, or max skew assignments found ;
; root_cycles[20]        ; No output delay, min/max delays, false-path exceptions, or max skew assignments found ;
; root_cycles[21]        ; No output delay, min/max delays, false-path exceptions, or max skew assignments found ;
; root_cycles[22]        ; No output delay, min/max delays, false-path exceptions, or max skew assignments found ;
; root_cycles[23]        ; No output delay, min/max delays, false-path exceptions, or max skew assignments found ;
; root_cycles[24]        ; No output delay, min/max delays, false-path exceptions, or max skew assignments found ;
; root_cycles[25]        ; No output delay, min/max delays, false-path exceptions, or max skew assignments found ;
; root_cycles[26]        ; No output delay, min/max delays, false-path exceptions, or max skew assignments found ;
; root_cycles[27]        ; No output delay, min/max delays, false-path exceptions, or max skew assignments found ;
; root_cycles[28]        ; No output delay, min/max delays, false-path exceptions, or max skew assignments found ;
; root_cycles[29]        ; No output delay, min/max delays, false-path exceptions, or max skew assignments found ;
; root_cycles[30]        ; No output delay, min/max delays, false-path exceptions, or max skew assignments found ;
; root_cycles[31]        ; No output delay, min/max delays, false-path exceptions, or max skew assignments found ;
; root_cycles[32]        ; No output delay, min/max delays, false-path exceptions, or max skew assignments found ;
; root_cycles[33]        ; No output delay, min/max delays, false-path exceptions, or max skew assignments found ;
; root_cycles[34]        ; No output delay, min/max delays, false-path exceptions, or max skew assignments found ;
; root_cycles[35]        ; No output delay, min/max delays, false-path exceptions, or max skew assignments found ;
; root_cycles[36]        ; No output delay, min/max delays, false-path exceptions, or max skew assignments found ;
; root_cycles[37]        ; No output delay, min/max delays, false-path exceptions, or max skew assignments found ;
; root_cycles[38]        ; No output delay, min/max delays, false-path exceptions, or max skew assignments found ;
; root_cycles[39]        ; No output delay, min/max delays, false-path exceptions, or max skew assignments found ;
; root_cycles[40]        ; No output delay, min/max delays, false-path exceptions, or max skew assignments found ;
; root_cycles[41]        ; No output delay, min/max delays, false-path exceptions, or max skew assignments found ;
; root_cycles[42]        ; No output delay, min/max delays, false-path exceptions, or max skew assignments found ;
; root_cycles[43]        ; No output delay, min/max delays, false-path exceptions, or max skew assignments found ;
; root_cycles[44]        ; No output delay, min/max delays, false-path exceptions, or max skew assignments found ;
; root_cycles[45]        ; No output delay, min/max delays, false-path exceptions, or max skew assignments found ;
; root_cycles[46]        ; No output delay, min/max delays, false-path exceptions, or max skew assignments found ;
; root_cycles[47]        ; No output delay, min/max delays, false-path exceptions, or max skew assignments found ;
; root_cycles[48]        ; No output delay, min/max delays, false-path exceptions, or max skew assignments found ;
; root_cycles[49]        ; No output delay, min/max delays, false-path exceptions, or max skew assignments found ;
; root_cycles[50]        ; No output delay, min/max delays, false-path exceptions, or max skew assignments found ;
; root_cycles[51]        ; No output delay, min/max delays, false-path exceptions, or max skew assignments found ;
; root_cycles[52]        ; No output delay, min/max delays, false-path exceptions, or max skew assignments found ;
; root_cycles[53]        ; No output delay, min/max delays, false-path exceptions, or max skew assignments found ;
; root_cycles[54]        ; No output delay, min/max delays, false-path exceptions, or max skew assignments found ;
; root_cycles[55]        ; No output delay, min/max delays, false-path exceptions, or max skew assignments found ;
; root_cycles[56]        ; No output delay, min/max delays, false-path exceptions, or max skew assignments found ;
; root_cycles[57]        ; No output delay, min/max delays, false-path exceptions, or max skew assignments found ;
; root_cycles[58]        ; No output delay, min/max delays, false-path exceptions, or max skew assignments found ;
; root_cycles[59]        ; No output delay, min/max delays, false-path exceptions, or max skew assignments found ;
; root_cycles[60]        ; No output delay, min/max delays, false-path exceptions, or max skew assignments found ;
; root_cycles[61]        ; No output delay, min/max delays, false-path exceptions, or max skew assignments found ;
; root_cycles[62]        ; No output delay, min/max delays, false-path exceptions, or max skew assignments found ;
; root_cycles[63]        ; No output delay, min/max delays, false-path exceptions, or max skew assignments found ;
; ntt_cycles[0]          ; No output delay, min/max delays, false-path exceptions, or max skew assignments found ;
; ntt_cycles[1]          ; No output delay, min/max delays, false-path exceptions, or max skew assignments found ;
; ntt_cycles[2]          ; No output delay, min/max delays, false-path exceptions, or max skew assignments found ;
; ntt_cycles[3]          ; No output delay, min/max delays, false-path exceptions, or max skew assignments found ;
; ntt_cycles[4]          ; No output delay, min/max delays, false-path exceptions, or max skew assignments found ;
; ntt_cycles[5]          ; No output delay, min/max delays, false-path exceptions, or max skew assignments found ;
; ntt_cycles[6]          ; No output delay, min/max delays, false-path exceptions, or max skew assignments found ;
; ntt_cycles[7]          ; No output delay, min/max delays, false-path exceptions, or max skew assignments found ;
; ntt_cycles[8]          ; No output delay, min/max delays, false-path exceptions, or max skew assignments found ;
; ntt_cycles[9]          ; No output delay, min/max delays, false-path exceptions, or max skew assignments found ;
; ntt_cycles[10]         ; No output delay, min/max delays, false-path exceptions, or max skew assignments found ;
; ntt_cycles[11]         ; No output delay, min/max delays, false-path exceptions, or max skew assignments found ;
; ntt_cycles[12]         ; No output delay, min/max delays, false-path exceptions, or max skew assignments found ;
; ntt_cycles[13]         ; No output delay, min/max delays, false-path exceptions, or max skew assignments found ;
; ntt_cycles[14]         ; No output delay, min/max delays, false-path exceptions, or max skew assignments found ;
; ntt_cycles[15]         ; No output delay, min/max delays, false-path exceptions, or max skew assignments found ;
; ntt_cycles[16]         ; No output delay, min/max delays, false-path exceptions, or max skew assignments found ;
; ntt_cycles[17]         ; No output delay, min/max delays, false-path exceptions, or max skew assignments found ;
; ntt_cycles[18]         ; No output delay, min/max delays, false-path exceptions, or max skew assignments found ;
; ntt_cycles[19]         ; No output delay, min/max delays, false-path exceptions, or max skew assignments found ;
; ntt_cycles[20]         ; No output delay, min/max delays, false-path exceptions, or max skew assignments found ;
; ntt_cycles[21]         ; No output delay, min/max delays, false-path exceptions, or max skew assignments found ;
; ntt_cycles[22]         ; No output delay, min/max delays, false-path exceptions, or max skew assignments found ;
; ntt_cycles[23]         ; No output delay, min/max delays, false-path exceptions, or max skew assignments found ;
; ntt_cycles[24]         ; No output delay, min/max delays, false-path exceptions, or max skew assignments found ;
; ntt_cycles[25]         ; No output delay, min/max delays, false-path exceptions, or max skew assignments found ;
; ntt_cycles[26]         ; No output delay, min/max delays, false-path exceptions, or max skew assignments found ;
; ntt_cycles[27]         ; No output delay, min/max delays, false-path exceptions, or max skew assignments found ;
; ntt_cycles[28]         ; No output delay, min/max delays, false-path exceptions, or max skew assignments found ;
; ntt_cycles[29]         ; No output delay, min/max delays, false-path exceptions, or max skew assignments found ;
; ntt_cycles[30]         ; No output delay, min/max delays, false-path exceptions, or max skew assignments found ;
; ntt_cycles[31]         ; No output delay, min/max delays, false-path exceptions, or max skew assignments found ;
; ntt_cycles[32]         ; No output delay, min/max delays, false-path exceptions, or max skew assignments found ;
; ntt_cycles[33]         ; No output delay, min/max delays, false-path exceptions, or max skew assignments found ;
; ntt_cycles[34]         ; No output delay, min/max delays, false-path exceptions, or max skew assignments found ;
; ntt_cycles[35]         ; No output delay, min/max delays, false-path exceptions, or max skew assignments found ;
; ntt_cycles[36]         ; No output delay, min/max delays, false-path exceptions, or max skew assignments found ;
; ntt_cycles[37]         ; No output delay, min/max delays, false-path exceptions, or max skew assignments found ;
; ntt_cycles[38]         ; No output delay, min/max delays, false-path exceptions, or max skew assignments found ;
; ntt_cycles[39]         ; No output delay, min/max delays, false-path exceptions, or max skew assignments found ;
; ntt_cycles[40]         ; No output delay, min/max delays, false-path exceptions, or max skew assignments found ;
; ntt_cycles[41]         ; No output delay, min/max delays, false-path exceptions, or max skew assignments found ;
; ntt_cycles[42]         ; No output delay, min/max delays, false-path exceptions, or max skew assignments found ;
; ntt_cycles[43]         ; No output delay, min/max delays, false-path exceptions, or max skew assignments found ;
; ntt_cycles[44]         ; No output delay, min/max delays, false-path exceptions, or max skew assignments found ;
; ntt_cycles[45]         ; No output delay, min/max delays, false-path exceptions, or max skew assignments found ;
; ntt_cycles[46]         ; No output delay, min/max delays, false-path exceptions, or max skew assignments found ;
; ntt_cycles[47]         ; No output delay, min/max delays, false-path exceptions, or max skew assignments found ;
; ntt_cycles[48]         ; No output delay, min/max delays, false-path exceptions, or max skew assignments found ;
; ntt_cycles[49]         ; No output delay, min/max delays, false-path exceptions, or max skew assignments found ;
; ntt_cycles[50]         ; No output delay, min/max delays, false-path exceptions, or max skew assignments found ;
; ntt_cycles[51]         ; No output delay, min/max delays, false-path exceptions, or max skew assignments found ;
; ntt_cycles[52]         ; No output delay, min/max delays, false-path exceptions, or max skew assignments found ;
; ntt_cycles[53]         ; No output delay, min/max delays, false-path exceptions, or max skew assignments found ;
; ntt_cycles[54]         ; No output delay, min/max delays, false-path exceptions, or max skew assignments found ;
; ntt_cycles[55]         ; No output delay, min/max delays, false-path exceptions, or max skew assignments found ;
; ntt_cycles[56]         ; No output delay, min/max delays, false-path exceptions, or max skew assignments found ;
; ntt_cycles[57]         ; No output delay, min/max delays, false-path exceptions, or max skew assignments found ;
; ntt_cycles[58]         ; No output delay, min/max delays, false-path exceptions, or max skew assignments found ;
; ntt_cycles[59]         ; No output delay, min/max delays, false-path exceptions, or max skew assignments found ;
; ntt_cycles[60]         ; No output delay, min/max delays, false-path exceptions, or max skew assignments found ;
; ntt_cycles[61]         ; No output delay, min/max delays, false-path exceptions, or max skew assignments found ;
; ntt_cycles[62]         ; No output delay, min/max delays, false-path exceptions, or max skew assignments found ;
; ntt_cycles[63]         ; No output delay, min/max delays, false-path exceptions, or max skew assignments found ;
; carry_cycles[0]        ; No output delay, min/max delays, false-path exceptions, or max skew assignments found ;
; carry_cycles[1]        ; No output delay, min/max delays, false-path exceptions, or max skew assignments found ;
; carry_cycles[2]        ; No output delay, min/max delays, false-path exceptions, or max skew assignments found ;
; carry_cycles[3]        ; No output delay, min/max delays, false-path exceptions, or max skew assignments found ;
; carry_cycles[4]        ; No output delay, min/max delays, false-path exceptions, or max skew assignments found ;
; carry_cycles[5]        ; No output delay, min/max delays, false-path exceptions, or max skew assignments found ;
; carry_cycles[6]        ; No output delay, min/max delays, false-path exceptions, or max skew assignments found ;
; carry_cycles[7]        ; No output delay, min/max delays, false-path exceptions, or max skew assignments found ;
; carry_cycles[8]        ; No output delay, min/max delays, false-path exceptions, or max skew assignments found ;
; carry_cycles[9]        ; No output delay, min/max delays, false-path exceptions, or max skew assignments found ;
; carry_cycles[10]       ; No output delay, min/max delays, false-path exceptions, or max skew assignments found ;
; carry_cycles[11]       ; No output delay, min/max delays, false-path exceptions, or max skew assignments found ;
; carry_cycles[12]       ; No output delay, min/max delays, false-path exceptions, or max skew assignments found ;
; carry_cycles[13]       ; No output delay, min/max delays, false-path exceptions, or max skew assignments found ;
; carry_cycles[14]       ; No output delay, min/max delays, false-path exceptions, or max skew assignments found ;
; carry_cycles[15]       ; No output delay, min/max delays, false-path exceptions, or max skew assignments found ;
; carry_cycles[16]       ; No output delay, min/max delays, false-path exceptions, or max skew assignments found ;
; carry_cycles[17]       ; No output delay, min/max delays, false-path exceptions, or max skew assignments found ;
; carry_cycles[18]       ; No output delay, min/max delays, false-path exceptions, or max skew assignments found ;
; carry_cycles[19]       ; No output delay, min/max delays, false-path exceptions, or max skew assignments found ;
; carry_cycles[20]       ; No output delay, min/max delays, false-path exceptions, or max skew assignments found ;
; carry_cycles[21]       ; No output delay, min/max delays, false-path exceptions, or max skew assignments found ;
; carry_cycles[22]       ; No output delay, min/max delays, false-path exceptions, or max skew assignments found ;
; carry_cycles[23]       ; No output delay, min/max delays, false-path exceptions, or max skew assignments found ;
; carry_cycles[24]       ; No output delay, min/max delays, false-path exceptions, or max skew assignments found ;
; carry_cycles[25]       ; No output delay, min/max delays, false-path exceptions, or max skew assignments found ;
; carry_cycles[26]       ; No output delay, min/max delays, false-path exceptions, or max skew assignments found ;
; carry_cycles[27]       ; No output delay, min/max delays, false-path exceptions, or max skew assignments found ;
; carry_cycles[28]       ; No output delay, min/max delays, false-path exceptions, or max skew assignments found ;
; carry_cycles[29]       ; No output delay, min/max delays, false-path exceptions, or max skew assignments found ;
; carry_cycles[30]       ; No output delay, min/max delays, false-path exceptions, or max skew assignments found ;
; carry_cycles[31]       ; No output delay, min/max delays, false-path exceptions, or max skew assignments found ;
; carry_cycles[32]       ; No output delay, min/max delays, false-path exceptions, or max skew assignments found ;
; carry_cycles[33]       ; No output delay, min/max delays, false-path exceptions, or max skew assignments found ;
; carry_cycles[34]       ; No output delay, min/max delays, false-path exceptions, or max skew assignments found ;
; carry_cycles[35]       ; No output delay, min/max delays, false-path exceptions, or max skew assignments found ;
; carry_cycles[36]       ; No output delay, min/max delays, false-path exceptions, or max skew assignments found ;
; carry_cycles[37]       ; No output delay, min/max delays, false-path exceptions, or max skew assignments found ;
; carry_cycles[38]       ; No output delay, min/max delays, false-path exceptions, or max skew assignments found ;
; carry_cycles[39]       ; No output delay, min/max delays, false-path exceptions, or max skew assignments found ;
; carry_cycles[40]       ; No output delay, min/max delays, false-path exceptions, or max skew assignments found ;
; carry_cycles[41]       ; No output delay, min/max delays, false-path exceptions, or max skew assignments found ;
; carry_cycles[42]       ; No output delay, min/max delays, false-path exceptions, or max skew assignments found ;
; carry_cycles[43]       ; No output delay, min/max delays, false-path exceptions, or max skew assignments found ;
; carry_cycles[44]       ; No output delay, min/max delays, false-path exceptions, or max skew assignments found ;
; carry_cycles[45]       ; No output delay, min/max delays, false-path exceptions, or max skew assignments found ;
; carry_cycles[46]       ; No output delay, min/max delays, false-path exceptions, or max skew assignments found ;
; carry_cycles[47]       ; No output delay, min/max delays, false-path exceptions, or max skew assignments found ;
; carry_cycles[48]       ; No output delay, min/max delays, false-path exceptions, or max skew assignments found ;
; carry_cycles[49]       ; No output delay, min/max delays, false-path exceptions, or max skew assignments found ;
; carry_cycles[50]       ; No output delay, min/max delays, false-path exceptions, or max skew assignments found ;
; carry_cycles[51]       ; No output delay, min/max delays, false-path exceptions, or max skew assignments found ;
; carry_cycles[52]       ; No output delay, min/max delays, false-path exceptions, or max skew assignments found ;
; carry_cycles[53]       ; No output delay, min/max delays, false-path exceptions, or max skew assignments found ;
; carry_cycles[54]       ; No output delay, min/max delays, false-path exceptions, or max skew assignments found ;
; carry_cycles[55]       ; No output delay, min/max delays, false-path exceptions, or max skew assignments found ;
; carry_cycles[56]       ; No output delay, min/max delays, false-path exceptions, or max skew assignments found ;
; carry_cycles[57]       ; No output delay, min/max delays, false-path exceptions, or max skew assignments found ;
; carry_cycles[58]       ; No output delay, min/max delays, false-path exceptions, or max skew assignments found ;
; carry_cycles[59]       ; No output delay, min/max delays, false-path exceptions, or max skew assignments found ;
; carry_cycles[60]       ; No output delay, min/max delays, false-path exceptions, or max skew assignments found ;
; carry_cycles[61]       ; No output delay, min/max delays, false-path exceptions, or max skew assignments found ;
; carry_cycles[62]       ; No output delay, min/max delays, false-path exceptions, or max skew assignments found ;
; carry_cycles[63]       ; No output delay, min/max delays, false-path exceptions, or max skew assignments found ;
; carry_passes[2]        ; No output delay, min/max delays, false-path exceptions, or max skew assignments found ;
; profile_cache_valid    ; No output delay, min/max delays, false-path exceptions, or max skew assignments found ;
; profile_loads          ; No output delay, min/max delays, false-path exceptions, or max skew assignments found ;
; profile_hits           ; No output delay, min/max delays, false-path exceptions, or max skew assignments found ;
; seed_setup_cycles[0]   ; No output delay, min/max delays, false-path exceptions, or max skew assignments found ;
; seed_setup_cycles[1]   ; No output delay, min/max delays, false-path exceptions, or max skew assignments found ;
; seed_setup_cycles[2]   ; No output delay, min/max delays, false-path exceptions, or max skew assignments found ;
; seed_setup_cycles[3]   ; No output delay, min/max delays, false-path exceptions, or max skew assignments found ;
; seed_setup_cycles[4]   ; No output delay, min/max delays, false-path exceptions, or max skew assignments found ;
; seed_setup_cycles[5]   ; No output delay, min/max delays, false-path exceptions, or max skew assignments found ;
; seed_setup_cycles[6]   ; No output delay, min/max delays, false-path exceptions, or max skew assignments found ;
; seed_setup_cycles[7]   ; No output delay, min/max delays, false-path exceptions, or max skew assignments found ;
; seed_setup_cycles[8]   ; No output delay, min/max delays, false-path exceptions, or max skew assignments found ;
; seed_setup_cycles[9]   ; No output delay, min/max delays, false-path exceptions, or max skew assignments found ;
; seed_setup_cycles[10]  ; No output delay, min/max delays, false-path exceptions, or max skew assignments found ;
; seed_setup_cycles[11]  ; No output delay, min/max delays, false-path exceptions, or max skew assignments found ;
; seed_setup_cycles[12]  ; No output delay, min/max delays, false-path exceptions, or max skew assignments found ;
; seed_setup_cycles[13]  ; No output delay, min/max delays, false-path exceptions, or max skew assignments found ;
; seed_setup_cycles[14]  ; No output delay, min/max delays, false-path exceptions, or max skew assignments found ;
; seed_setup_cycles[15]  ; No output delay, min/max delays, false-path exceptions, or max skew assignments found ;
; seed_setup_cycles[16]  ; No output delay, min/max delays, false-path exceptions, or max skew assignments found ;
; seed_setup_cycles[17]  ; No output delay, min/max delays, false-path exceptions, or max skew assignments found ;
; seed_setup_cycles[18]  ; No output delay, min/max delays, false-path exceptions, or max skew assignments found ;
; seed_setup_cycles[19]  ; No output delay, min/max delays, false-path exceptions, or max skew assignments found ;
; seed_setup_cycles[20]  ; No output delay, min/max delays, false-path exceptions, or max skew assignments found ;
; seed_setup_cycles[21]  ; No output delay, min/max delays, false-path exceptions, or max skew assignments found ;
; seed_setup_cycles[22]  ; No output delay, min/max delays, false-path exceptions, or max skew assignments found ;
; seed_setup_cycles[23]  ; No output delay, min/max delays, false-path exceptions, or max skew assignments found ;
; seed_setup_cycles[24]  ; No output delay, min/max delays, false-path exceptions, or max skew assignments found ;
; seed_setup_cycles[25]  ; No output delay, min/max delays, false-path exceptions, or max skew assignments found ;
; seed_setup_cycles[26]  ; No output delay, min/max delays, false-path exceptions, or max skew assignments found ;
; seed_setup_cycles[27]  ; No output delay, min/max delays, false-path exceptions, or max skew assignments found ;
; seed_setup_cycles[28]  ; No output delay, min/max delays, false-path exceptions, or max skew assignments found ;
; seed_setup_cycles[29]  ; No output delay, min/max delays, false-path exceptions, or max skew assignments found ;
; seed_setup_cycles[30]  ; No output delay, min/max delays, false-path exceptions, or max skew assignments found ;
; seed_setup_cycles[31]  ; No output delay, min/max delays, false-path exceptions, or max skew assignments found ;
; seed_setup_cycles[32]  ; No output delay, min/max delays, false-path exceptions, or max skew assignments found ;
; seed_setup_cycles[33]  ; No output delay, min/max delays, false-path exceptions, or max skew assignments found ;
; seed_setup_cycles[34]  ; No output delay, min/max delays, false-path exceptions, or max skew assignments found ;
; seed_setup_cycles[35]  ; No output delay, min/max delays, false-path exceptions, or max skew assignments found ;
; seed_setup_cycles[36]  ; No output delay, min/max delays, false-path exceptions, or max skew assignments found ;
; seed_setup_cycles[37]  ; No output delay, min/max delays, false-path exceptions, or max skew assignments found ;
; seed_setup_cycles[38]  ; No output delay, min/max delays, false-path exceptions, or max skew assignments found ;
; seed_setup_cycles[39]  ; No output delay, min/max delays, false-path exceptions, or max skew assignments found ;
; seed_setup_cycles[40]  ; No output delay, min/max delays, false-path exceptions, or max skew assignments found ;
; seed_setup_cycles[41]  ; No output delay, min/max delays, false-path exceptions, or max skew assignments found ;
; seed_setup_cycles[42]  ; No output delay, min/max delays, false-path exceptions, or max skew assignments found ;
; seed_setup_cycles[43]  ; No output delay, min/max delays, false-path exceptions, or max skew assignments found ;
; seed_setup_cycles[44]  ; No output delay, min/max delays, false-path exceptions, or max skew assignments found ;
; seed_setup_cycles[45]  ; No output delay, min/max delays, false-path exceptions, or max skew assignments found ;
; seed_setup_cycles[46]  ; No output delay, min/max delays, false-path exceptions, or max skew assignments found ;
; seed_setup_cycles[47]  ; No output delay, min/max delays, false-path exceptions, or max skew assignments found ;
; seed_setup_cycles[48]  ; No output delay, min/max delays, false-path exceptions, or max skew assignments found ;
; seed_setup_cycles[49]  ; No output delay, min/max delays, false-path exceptions, or max skew assignments found ;
; seed_setup_cycles[50]  ; No output delay, min/max delays, false-path exceptions, or max skew assignments found ;
; seed_setup_cycles[51]  ; No output delay, min/max delays, false-path exceptions, or max skew assignments found ;
; seed_setup_cycles[52]  ; No output delay, min/max delays, false-path exceptions, or max skew assignments found ;
; seed_setup_cycles[53]  ; No output delay, min/max delays, false-path exceptions, or max skew assignments found ;
; seed_setup_cycles[54]  ; No output delay, min/max delays, false-path exceptions, or max skew assignments found ;
; seed_setup_cycles[55]  ; No output delay, min/max delays, false-path exceptions, or max skew assignments found ;
; seed_setup_cycles[56]  ; No output delay, min/max delays, false-path exceptions, or max skew assignments found ;
; seed_setup_cycles[57]  ; No output delay, min/max delays, false-path exceptions, or max skew assignments found ;
; seed_setup_cycles[58]  ; No output delay, min/max delays, false-path exceptions, or max skew assignments found ;
; seed_setup_cycles[59]  ; No output delay, min/max delays, false-path exceptions, or max skew assignments found ;
; seed_setup_cycles[60]  ; No output delay, min/max delays, false-path exceptions, or max skew assignments found ;
; seed_setup_cycles[61]  ; No output delay, min/max delays, false-path exceptions, or max skew assignments found ;
; seed_setup_cycles[62]  ; No output delay, min/max delays, false-path exceptions, or max skew assignments found ;
; seed_setup_cycles[63]  ; No output delay, min/max delays, false-path exceptions, or max skew assignments found ;
; warm_done              ; No output delay, min/max delays, false-path exceptions, or max skew assignments found ;
; completed_squares[0]   ; No output delay, min/max delays, false-path exceptions, or max skew assignments found ;
; completed_squares[1]   ; No output delay, min/max delays, false-path exceptions, or max skew assignments found ;
; completed_squares[2]   ; No output delay, min/max delays, false-path exceptions, or max skew assignments found ;
; completed_squares[3]   ; No output delay, min/max delays, false-path exceptions, or max skew assignments found ;
; completed_squares[4]   ; No output delay, min/max delays, false-path exceptions, or max skew assignments found ;
; completed_squares[5]   ; No output delay, min/max delays, false-path exceptions, or max skew assignments found ;
; completed_squares[6]   ; No output delay, min/max delays, false-path exceptions, or max skew assignments found ;
; completed_squares[7]   ; No output delay, min/max delays, false-path exceptions, or max skew assignments found ;
; completed_squares[8]   ; No output delay, min/max delays, false-path exceptions, or max skew assignments found ;
; completed_squares[9]   ; No output delay, min/max delays, false-path exceptions, or max skew assignments found ;
; completed_squares[10]  ; No output delay, min/max delays, false-path exceptions, or max skew assignments found ;
; completed_squares[11]  ; No output delay, min/max delays, false-path exceptions, or max skew assignments found ;
; completed_squares[12]  ; No output delay, min/max delays, false-path exceptions, or max skew assignments found ;
; completed_squares[13]  ; No output delay, min/max delays, false-path exceptions, or max skew assignments found ;
; completed_squares[14]  ; No output delay, min/max delays, false-path exceptions, or max skew assignments found ;
; completed_squares[15]  ; No output delay, min/max delays, false-path exceptions, or max skew assignments found ;
; completed_squares[16]  ; No output delay, min/max delays, false-path exceptions, or max skew assignments found ;
; completed_squares[17]  ; No output delay, min/max delays, false-path exceptions, or max skew assignments found ;
; completed_squares[18]  ; No output delay, min/max delays, false-path exceptions, or max skew assignments found ;
; completed_squares[19]  ; No output delay, min/max delays, false-path exceptions, or max skew assignments found ;
; completed_squares[20]  ; No output delay, min/max delays, false-path exceptions, or max skew assignments found ;
; completed_squares[21]  ; No output delay, min/max delays, false-path exceptions, or max skew assignments found ;
; completed_squares[22]  ; No output delay, min/max delays, false-path exceptions, or max skew assignments found ;
; completed_squares[23]  ; No output delay, min/max delays, false-path exceptions, or max skew assignments found ;
; completed_squares[24]  ; No output delay, min/max delays, false-path exceptions, or max skew assignments found ;
; completed_squares[25]  ; No output delay, min/max delays, false-path exceptions, or max skew assignments found ;
; completed_squares[26]  ; No output delay, min/max delays, false-path exceptions, or max skew assignments found ;
; completed_squares[27]  ; No output delay, min/max delays, false-path exceptions, or max skew assignments found ;
; completed_squares[28]  ; No output delay, min/max delays, false-path exceptions, or max skew assignments found ;
; completed_squares[29]  ; No output delay, min/max delays, false-path exceptions, or max skew assignments found ;
; completed_squares[30]  ; No output delay, min/max delays, false-path exceptions, or max skew assignments found ;
; completed_squares[31]  ; No output delay, min/max delays, false-path exceptions, or max skew assignments found ;
; canonical_cycles[0]    ; No output delay, min/max delays, false-path exceptions, or max skew assignments found ;
; canonical_cycles[1]    ; No output delay, min/max delays, false-path exceptions, or max skew assignments found ;
; canonical_cycles[2]    ; No output delay, min/max delays, false-path exceptions, or max skew assignments found ;
; canonical_cycles[3]    ; No output delay, min/max delays, false-path exceptions, or max skew assignments found ;
; canonical_cycles[4]    ; No output delay, min/max delays, false-path exceptions, or max skew assignments found ;
; canonical_cycles[5]    ; No output delay, min/max delays, false-path exceptions, or max skew assignments found ;
; canonical_cycles[6]    ; No output delay, min/max delays, false-path exceptions, or max skew assignments found ;
; canonical_cycles[7]    ; No output delay, min/max delays, false-path exceptions, or max skew assignments found ;
; canonical_cycles[8]    ; No output delay, min/max delays, false-path exceptions, or max skew assignments found ;
; canonical_cycles[9]    ; No output delay, min/max delays, false-path exceptions, or max skew assignments found ;
; canonical_cycles[10]   ; No output delay, min/max delays, false-path exceptions, or max skew assignments found ;
; canonical_cycles[11]   ; No output delay, min/max delays, false-path exceptions, or max skew assignments found ;
; canonical_cycles[12]   ; No output delay, min/max delays, false-path exceptions, or max skew assignments found ;
; canonical_cycles[13]   ; No output delay, min/max delays, false-path exceptions, or max skew assignments found ;
; canonical_cycles[14]   ; No output delay, min/max delays, false-path exceptions, or max skew assignments found ;
; canonical_cycles[15]   ; No output delay, min/max delays, false-path exceptions, or max skew assignments found ;
; canonical_cycles[16]   ; No output delay, min/max delays, false-path exceptions, or max skew assignments found ;
; canonical_cycles[17]   ; No output delay, min/max delays, false-path exceptions, or max skew assignments found ;
; canonical_cycles[18]   ; No output delay, min/max delays, false-path exceptions, or max skew assignments found ;
; canonical_cycles[19]   ; No output delay, min/max delays, false-path exceptions, or max skew assignments found ;
; canonical_cycles[20]   ; No output delay, min/max delays, false-path exceptions, or max skew assignments found ;
; canonical_cycles[21]   ; No output delay, min/max delays, false-path exceptions, or max skew assignments found ;
; canonical_cycles[22]   ; No output delay, min/max delays, false-path exceptions, or max skew assignments found ;
; canonical_cycles[23]   ; No output delay, min/max delays, false-path exceptions, or max skew assignments found ;
; canonical_cycles[24]   ; No output delay, min/max delays, false-path exceptions, or max skew assignments found ;
; canonical_cycles[25]   ; No output delay, min/max delays, false-path exceptions, or max skew assignments found ;
; canonical_cycles[26]   ; No output delay, min/max delays, false-path exceptions, or max skew assignments found ;
; canonical_cycles[27]   ; No output delay, min/max delays, false-path exceptions, or max skew assignments found ;
; canonical_cycles[28]   ; No output delay, min/max delays, false-path exceptions, or max skew assignments found ;
; canonical_cycles[29]   ; No output delay, min/max delays, false-path exceptions, or max skew assignments found ;
; canonical_cycles[30]   ; No output delay, min/max delays, false-path exceptions, or max skew assignments found ;
; canonical_cycles[31]   ; No output delay, min/max delays, false-path exceptions, or max skew assignments found ;
; canonical_cycles[32]   ; No output delay, min/max delays, false-path exceptions, or max skew assignments found ;
; canonical_cycles[33]   ; No output delay, min/max delays, false-path exceptions, or max skew assignments found ;
; canonical_cycles[34]   ; No output delay, min/max delays, false-path exceptions, or max skew assignments found ;
; canonical_cycles[35]   ; No output delay, min/max delays, false-path exceptions, or max skew assignments found ;
; canonical_cycles[36]   ; No output delay, min/max delays, false-path exceptions, or max skew assignments found ;
; canonical_cycles[37]   ; No output delay, min/max delays, false-path exceptions, or max skew assignments found ;
; canonical_cycles[38]   ; No output delay, min/max delays, false-path exceptions, or max skew assignments found ;
; canonical_cycles[39]   ; No output delay, min/max delays, false-path exceptions, or max skew assignments found ;
; canonical_cycles[40]   ; No output delay, min/max delays, false-path exceptions, or max skew assignments found ;
; canonical_cycles[41]   ; No output delay, min/max delays, false-path exceptions, or max skew assignments found ;
; canonical_cycles[42]   ; No output delay, min/max delays, false-path exceptions, or max skew assignments found ;
; canonical_cycles[43]   ; No output delay, min/max delays, false-path exceptions, or max skew assignments found ;
; canonical_cycles[44]   ; No output delay, min/max delays, false-path exceptions, or max skew assignments found ;
; canonical_cycles[45]   ; No output delay, min/max delays, false-path exceptions, or max skew assignments found ;
; canonical_cycles[46]   ; No output delay, min/max delays, false-path exceptions, or max skew assignments found ;
; canonical_cycles[47]   ; No output delay, min/max delays, false-path exceptions, or max skew assignments found ;
; canonical_cycles[48]   ; No output delay, min/max delays, false-path exceptions, or max skew assignments found ;
; canonical_cycles[49]   ; No output delay, min/max delays, false-path exceptions, or max skew assignments found ;
; canonical_cycles[50]   ; No output delay, min/max delays, false-path exceptions, or max skew assignments found ;
; canonical_cycles[51]   ; No output delay, min/max delays, false-path exceptions, or max skew assignments found ;
; canonical_cycles[52]   ; No output delay, min/max delays, false-path exceptions, or max skew assignments found ;
; canonical_cycles[53]   ; No output delay, min/max delays, false-path exceptions, or max skew assignments found ;
; canonical_cycles[54]   ; No output delay, min/max delays, false-path exceptions, or max skew assignments found ;
; canonical_cycles[55]   ; No output delay, min/max delays, false-path exceptions, or max skew assignments found ;
; canonical_cycles[56]   ; No output delay, min/max delays, false-path exceptions, or max skew assignments found ;
; canonical_cycles[57]   ; No output delay, min/max delays, false-path exceptions, or max skew assignments found ;
; canonical_cycles[58]   ; No output delay, min/max delays, false-path exceptions, or max skew assignments found ;
; canonical_cycles[59]   ; No output delay, min/max delays, false-path exceptions, or max skew assignments found ;
; canonical_cycles[60]   ; No output delay, min/max delays, false-path exceptions, or max skew assignments found ;
; canonical_cycles[61]   ; No output delay, min/max delays, false-path exceptions, or max skew assignments found ;
; canonical_cycles[62]   ; No output delay, min/max delays, false-path exceptions, or max skew assignments found ;
; canonical_cycles[63]   ; No output delay, min/max delays, false-path exceptions, or max skew assignments found ;
; image_copy_cycles[0]   ; No output delay, min/max delays, false-path exceptions, or max skew assignments found ;
; image_copy_cycles[1]   ; No output delay, min/max delays, false-path exceptions, or max skew assignments found ;
; image_copy_cycles[2]   ; No output delay, min/max delays, false-path exceptions, or max skew assignments found ;
; image_copy_cycles[3]   ; No output delay, min/max delays, false-path exceptions, or max skew assignments found ;
; image_copy_cycles[4]   ; No output delay, min/max delays, false-path exceptions, or max skew assignments found ;
; image_copy_cycles[5]   ; No output delay, min/max delays, false-path exceptions, or max skew assignments found ;
; image_copy_cycles[6]   ; No output delay, min/max delays, false-path exceptions, or max skew assignments found ;
; image_copy_cycles[7]   ; No output delay, min/max delays, false-path exceptions, or max skew assignments found ;
; image_copy_cycles[8]   ; No output delay, min/max delays, false-path exceptions, or max skew assignments found ;
; image_copy_cycles[9]   ; No output delay, min/max delays, false-path exceptions, or max skew assignments found ;
; image_copy_cycles[10]  ; No output delay, min/max delays, false-path exceptions, or max skew assignments found ;
; image_copy_cycles[11]  ; No output delay, min/max delays, false-path exceptions, or max skew assignments found ;
; image_copy_cycles[12]  ; No output delay, min/max delays, false-path exceptions, or max skew assignments found ;
; image_copy_cycles[13]  ; No output delay, min/max delays, false-path exceptions, or max skew assignments found ;
; image_copy_cycles[14]  ; No output delay, min/max delays, false-path exceptions, or max skew assignments found ;
; image_copy_cycles[15]  ; No output delay, min/max delays, false-path exceptions, or max skew assignments found ;
; image_copy_cycles[16]  ; No output delay, min/max delays, false-path exceptions, or max skew assignments found ;
; image_copy_cycles[17]  ; No output delay, min/max delays, false-path exceptions, or max skew assignments found ;
; image_copy_cycles[18]  ; No output delay, min/max delays, false-path exceptions, or max skew assignments found ;
; image_copy_cycles[19]  ; No output delay, min/max delays, false-path exceptions, or max skew assignments found ;
; image_copy_cycles[20]  ; No output delay, min/max delays, false-path exceptions, or max skew assignments found ;
; image_copy_cycles[21]  ; No output delay, min/max delays, false-path exceptions, or max skew assignments found ;
; image_copy_cycles[22]  ; No output delay, min/max delays, false-path exceptions, or max skew assignments found ;
; image_copy_cycles[23]  ; No output delay, min/max delays, false-path exceptions, or max skew assignments found ;
; image_copy_cycles[24]  ; No output delay, min/max delays, false-path exceptions, or max skew assignments found ;
; image_copy_cycles[25]  ; No output delay, min/max delays, false-path exceptions, or max skew assignments found ;
; image_copy_cycles[26]  ; No output delay, min/max delays, false-path exceptions, or max skew assignments found ;
; image_copy_cycles[27]  ; No output delay, min/max delays, false-path exceptions, or max skew assignments found ;
; image_copy_cycles[28]  ; No output delay, min/max delays, false-path exceptions, or max skew assignments found ;
; image_copy_cycles[29]  ; No output delay, min/max delays, false-path exceptions, or max skew assignments found ;
; image_copy_cycles[30]  ; No output delay, min/max delays, false-path exceptions, or max skew assignments found ;
; image_copy_cycles[31]  ; No output delay, min/max delays, false-path exceptions, or max skew assignments found ;
; image_copy_cycles[32]  ; No output delay, min/max delays, false-path exceptions, or max skew assignments found ;
; image_copy_cycles[33]  ; No output delay, min/max delays, false-path exceptions, or max skew assignments found ;
; image_copy_cycles[34]  ; No output delay, min/max delays, false-path exceptions, or max skew assignments found ;
; image_copy_cycles[35]  ; No output delay, min/max delays, false-path exceptions, or max skew assignments found ;
; image_copy_cycles[36]  ; No output delay, min/max delays, false-path exceptions, or max skew assignments found ;
; image_copy_cycles[37]  ; No output delay, min/max delays, false-path exceptions, or max skew assignments found ;
; image_copy_cycles[38]  ; No output delay, min/max delays, false-path exceptions, or max skew assignments found ;
; image_copy_cycles[39]  ; No output delay, min/max delays, false-path exceptions, or max skew assignments found ;
; image_copy_cycles[40]  ; No output delay, min/max delays, false-path exceptions, or max skew assignments found ;
; image_copy_cycles[41]  ; No output delay, min/max delays, false-path exceptions, or max skew assignments found ;
; image_copy_cycles[42]  ; No output delay, min/max delays, false-path exceptions, or max skew assignments found ;
; image_copy_cycles[43]  ; No output delay, min/max delays, false-path exceptions, or max skew assignments found ;
; image_copy_cycles[44]  ; No output delay, min/max delays, false-path exceptions, or max skew assignments found ;
; image_copy_cycles[45]  ; No output delay, min/max delays, false-path exceptions, or max skew assignments found ;
; image_copy_cycles[46]  ; No output delay, min/max delays, false-path exceptions, or max skew assignments found ;
; image_copy_cycles[47]  ; No output delay, min/max delays, false-path exceptions, or max skew assignments found ;
; image_copy_cycles[48]  ; No output delay, min/max delays, false-path exceptions, or max skew assignments found ;
; image_copy_cycles[49]  ; No output delay, min/max delays, false-path exceptions, or max skew assignments found ;
; image_copy_cycles[50]  ; No output delay, min/max delays, false-path exceptions, or max skew assignments found ;
; image_copy_cycles[51]  ; No output delay, min/max delays, false-path exceptions, or max skew assignments found ;
; image_copy_cycles[52]  ; No output delay, min/max delays, false-path exceptions, or max skew assignments found ;
; image_copy_cycles[53]  ; No output delay, min/max delays, false-path exceptions, or max skew assignments found ;
; image_copy_cycles[54]  ; No output delay, min/max delays, false-path exceptions, or max skew assignments found ;
; image_copy_cycles[55]  ; No output delay, min/max delays, false-path exceptions, or max skew assignments found ;
; image_copy_cycles[56]  ; No output delay, min/max delays, false-path exceptions, or max skew assignments found ;
; image_copy_cycles[57]  ; No output delay, min/max delays, false-path exceptions, or max skew assignments found ;
; image_copy_cycles[58]  ; No output delay, min/max delays, false-path exceptions, or max skew assignments found ;
; image_copy_cycles[59]  ; No output delay, min/max delays, false-path exceptions, or max skew assignments found ;
; image_copy_cycles[60]  ; No output delay, min/max delays, false-path exceptions, or max skew assignments found ;
; image_copy_cycles[61]  ; No output delay, min/max delays, false-path exceptions, or max skew assignments found ;
; image_copy_cycles[62]  ; No output delay, min/max delays, false-path exceptions, or max skew assignments found ;
; image_copy_cycles[63]  ; No output delay, min/max delays, false-path exceptions, or max skew assignments found ;
; command_ready          ; No output delay, min/max delays, false-path exceptions, or max skew assignments found ;
; command_accept         ; No output delay, min/max delays, false-path exceptions, or max skew assignments found ;
; operation_accept       ; No output delay, min/max delays, false-path exceptions, or max skew assignments found ;
; accepted_generation[0] ; No output delay, min/max delays, false-path exceptions, or max skew assignments found ;
; accepted_generation[1] ; No output delay, min/max delays, false-path exceptions, or max skew assignments found ;
; accepted_generation[2] ; No output delay, min/max delays, false-path exceptions, or max skew assignments found ;
; accepted_generation[3] ; No output delay, min/max delays, false-path exceptions, or max skew assignments found ;
; accepted_generation[4] ; No output delay, min/max delays, false-path exceptions, or max skew assignments found ;
; accepted_generation[5] ; No output delay, min/max delays, false-path exceptions, or max skew assignments found ;
; accepted_generation[6] ; No output delay, min/max delays, false-path exceptions, or max skew assignments found ;
; accepted_generation[7] ; No output delay, min/max delays, false-path exceptions, or max skew assignments found ;
; feed_level[0]          ; No output delay, min/max delays, false-path exceptions, or max skew assignments found ;
; feed_level[1]          ; No output delay, min/max delays, false-path exceptions, or max skew assignments found ;
; feed_level[2]          ; No output delay, min/max delays, false-path exceptions, or max skew assignments found ;
; operations_started[0]  ; No output delay, min/max delays, false-path exceptions, or max skew assignments found ;
; operations_started[1]  ; No output delay, min/max delays, false-path exceptions, or max skew assignments found ;
; operations_started[2]  ; No output delay, min/max delays, false-path exceptions, or max skew assignments found ;
; operations_started[3]  ; No output delay, min/max delays, false-path exceptions, or max skew assignments found ;
; operations_started[4]  ; No output delay, min/max delays, false-path exceptions, or max skew assignments found ;
; operations_started[5]  ; No output delay, min/max delays, false-path exceptions, or max skew assignments found ;
; operations_started[6]  ; No output delay, min/max delays, false-path exceptions, or max skew assignments found ;
; operations_started[7]  ; No output delay, min/max delays, false-path exceptions, or max skew assignments found ;
; operations_started[8]  ; No output delay, min/max delays, false-path exceptions, or max skew assignments found ;
; operations_started[9]  ; No output delay, min/max delays, false-path exceptions, or max skew assignments found ;
; operations_started[10] ; No output delay, min/max delays, false-path exceptions, or max skew assignments found ;
; operations_started[11] ; No output delay, min/max delays, false-path exceptions, or max skew assignments found ;
; operations_started[12] ; No output delay, min/max delays, false-path exceptions, or max skew assignments found ;
; operations_started[13] ; No output delay, min/max delays, false-path exceptions, or max skew assignments found ;
; operations_started[14] ; No output delay, min/max delays, false-path exceptions, or max skew assignments found ;
; operations_started[15] ; No output delay, min/max delays, false-path exceptions, or max skew assignments found ;
; operations_started[16] ; No output delay, min/max delays, false-path exceptions, or max skew assignments found ;
; operations_started[17] ; No output delay, min/max delays, false-path exceptions, or max skew assignments found ;
; operations_started[18] ; No output delay, min/max delays, false-path exceptions, or max skew assignments found ;
; operations_started[19] ; No output delay, min/max delays, false-path exceptions, or max skew assignments found ;
; operations_started[20] ; No output delay, min/max delays, false-path exceptions, or max skew assignments found ;
; operations_started[21] ; No output delay, min/max delays, false-path exceptions, or max skew assignments found ;
; operations_started[22] ; No output delay, min/max delays, false-path exceptions, or max skew assignments found ;
; operations_started[23] ; No output delay, min/max delays, false-path exceptions, or max skew assignments found ;
; operations_started[24] ; No output delay, min/max delays, false-path exceptions, or max skew assignments found ;
; operations_started[25] ; No output delay, min/max delays, false-path exceptions, or max skew assignments found ;
; operations_started[26] ; No output delay, min/max delays, false-path exceptions, or max skew assignments found ;
; operations_started[27] ; No output delay, min/max delays, false-path exceptions, or max skew assignments found ;
; operations_started[28] ; No output delay, min/max delays, false-path exceptions, or max skew assignments found ;
; operations_started[29] ; No output delay, min/max delays, false-path exceptions, or max skew assignments found ;
; operations_started[30] ; No output delay, min/max delays, false-path exceptions, or max skew assignments found ;
; operations_started[31] ; No output delay, min/max delays, false-path exceptions, or max skew assignments found ;
; commands_enqueued[0]   ; No output delay, min/max delays, false-path exceptions, or max skew assignments found ;
; commands_enqueued[1]   ; No output delay, min/max delays, false-path exceptions, or max skew assignments found ;
; commands_enqueued[2]   ; No output delay, min/max delays, false-path exceptions, or max skew assignments found ;
; commands_enqueued[3]   ; No output delay, min/max delays, false-path exceptions, or max skew assignments found ;
; commands_enqueued[4]   ; No output delay, min/max delays, false-path exceptions, or max skew assignments found ;
; commands_enqueued[5]   ; No output delay, min/max delays, false-path exceptions, or max skew assignments found ;
; commands_enqueued[6]   ; No output delay, min/max delays, false-path exceptions, or max skew assignments found ;
; commands_enqueued[7]   ; No output delay, min/max delays, false-path exceptions, or max skew assignments found ;
; commands_enqueued[8]   ; No output delay, min/max delays, false-path exceptions, or max skew assignments found ;
; commands_enqueued[9]   ; No output delay, min/max delays, false-path exceptions, or max skew assignments found ;
; commands_enqueued[10]  ; No output delay, min/max delays, false-path exceptions, or max skew assignments found ;
; commands_enqueued[11]  ; No output delay, min/max delays, false-path exceptions, or max skew assignments found ;
; commands_enqueued[12]  ; No output delay, min/max delays, false-path exceptions, or max skew assignments found ;
; commands_enqueued[13]  ; No output delay, min/max delays, false-path exceptions, or max skew assignments found ;
; commands_enqueued[14]  ; No output delay, min/max delays, false-path exceptions, or max skew assignments found ;
; commands_enqueued[15]  ; No output delay, min/max delays, false-path exceptions, or max skew assignments found ;
; commands_enqueued[16]  ; No output delay, min/max delays, false-path exceptions, or max skew assignments found ;
; commands_enqueued[17]  ; No output delay, min/max delays, false-path exceptions, or max skew assignments found ;
; commands_enqueued[18]  ; No output delay, min/max delays, false-path exceptions, or max skew assignments found ;
; commands_enqueued[19]  ; No output delay, min/max delays, false-path exceptions, or max skew assignments found ;
; commands_enqueued[20]  ; No output delay, min/max delays, false-path exceptions, or max skew assignments found ;
; commands_enqueued[21]  ; No output delay, min/max delays, false-path exceptions, or max skew assignments found ;
; commands_enqueued[22]  ; No output delay, min/max delays, false-path exceptions, or max skew assignments found ;
; commands_enqueued[23]  ; No output delay, min/max delays, false-path exceptions, or max skew assignments found ;
; commands_enqueued[24]  ; No output delay, min/max delays, false-path exceptions, or max skew assignments found ;
; commands_enqueued[25]  ; No output delay, min/max delays, false-path exceptions, or max skew assignments found ;
; commands_enqueued[26]  ; No output delay, min/max delays, false-path exceptions, or max skew assignments found ;
; commands_enqueued[27]  ; No output delay, min/max delays, false-path exceptions, or max skew assignments found ;
; commands_enqueued[28]  ; No output delay, min/max delays, false-path exceptions, or max skew assignments found ;
; commands_enqueued[29]  ; No output delay, min/max delays, false-path exceptions, or max skew assignments found ;
; commands_enqueued[30]  ; No output delay, min/max delays, false-path exceptions, or max skew assignments found ;
; commands_enqueued[31]  ; No output delay, min/max delays, false-path exceptions, or max skew assignments found ;
; commands_consumed[0]   ; No output delay, min/max delays, false-path exceptions, or max skew assignments found ;
; commands_consumed[1]   ; No output delay, min/max delays, false-path exceptions, or max skew assignments found ;
; commands_consumed[2]   ; No output delay, min/max delays, false-path exceptions, or max skew assignments found ;
; commands_consumed[3]   ; No output delay, min/max delays, false-path exceptions, or max skew assignments found ;
; commands_consumed[4]   ; No output delay, min/max delays, false-path exceptions, or max skew assignments found ;
; commands_consumed[5]   ; No output delay, min/max delays, false-path exceptions, or max skew assignments found ;
; commands_consumed[6]   ; No output delay, min/max delays, false-path exceptions, or max skew assignments found ;
; commands_consumed[7]   ; No output delay, min/max delays, false-path exceptions, or max skew assignments found ;
; commands_consumed[8]   ; No output delay, min/max delays, false-path exceptions, or max skew assignments found ;
; commands_consumed[9]   ; No output delay, min/max delays, false-path exceptions, or max skew assignments found ;
; commands_consumed[10]  ; No output delay, min/max delays, false-path exceptions, or max skew assignments found ;
; commands_consumed[11]  ; No output delay, min/max delays, false-path exceptions, or max skew assignments found ;
; commands_consumed[12]  ; No output delay, min/max delays, false-path exceptions, or max skew assignments found ;
; commands_consumed[13]  ; No output delay, min/max delays, false-path exceptions, or max skew assignments found ;
; commands_consumed[14]  ; No output delay, min/max delays, false-path exceptions, or max skew assignments found ;
; commands_consumed[15]  ; No output delay, min/max delays, false-path exceptions, or max skew assignments found ;
; commands_consumed[16]  ; No output delay, min/max delays, false-path exceptions, or max skew assignments found ;
; commands_consumed[17]  ; No output delay, min/max delays, false-path exceptions, or max skew assignments found ;
; commands_consumed[18]  ; No output delay, min/max delays, false-path exceptions, or max skew assignments found ;
; commands_consumed[19]  ; No output delay, min/max delays, false-path exceptions, or max skew assignments found ;
; commands_consumed[20]  ; No output delay, min/max delays, false-path exceptions, or max skew assignments found ;
; commands_consumed[21]  ; No output delay, min/max delays, false-path exceptions, or max skew assignments found ;
; commands_consumed[22]  ; No output delay, min/max delays, false-path exceptions, or max skew assignments found ;
; commands_consumed[23]  ; No output delay, min/max delays, false-path exceptions, or max skew assignments found ;
; commands_consumed[24]  ; No output delay, min/max delays, false-path exceptions, or max skew assignments found ;
; commands_consumed[25]  ; No output delay, min/max delays, false-path exceptions, or max skew assignments found ;
; commands_consumed[26]  ; No output delay, min/max delays, false-path exceptions, or max skew assignments found ;
; commands_consumed[27]  ; No output delay, min/max delays, false-path exceptions, or max skew assignments found ;
; commands_consumed[28]  ; No output delay, min/max delays, false-path exceptions, or max skew assignments found ;
; commands_consumed[29]  ; No output delay, min/max delays, false-path exceptions, or max skew assignments found ;
; commands_consumed[30]  ; No output delay, min/max delays, false-path exceptions, or max skew assignments found ;
; commands_consumed[31]  ; No output delay, min/max delays, false-path exceptions, or max skew assignments found ;
; final_image_rows[0]    ; No output delay, min/max delays, false-path exceptions, or max skew assignments found ;
; final_image_rows[1]    ; No output delay, min/max delays, false-path exceptions, or max skew assignments found ;
; final_image_rows[2]    ; No output delay, min/max delays, false-path exceptions, or max skew assignments found ;
; final_image_rows[3]    ; No output delay, min/max delays, false-path exceptions, or max skew assignments found ;
; final_image_rows[4]    ; No output delay, min/max delays, false-path exceptions, or max skew assignments found ;
; final_image_rows[5]    ; No output delay, min/max delays, false-path exceptions, or max skew assignments found ;
; final_image_rows[6]    ; No output delay, min/max delays, false-path exceptions, or max skew assignments found ;
; final_image_rows[7]    ; No output delay, min/max delays, false-path exceptions, or max skew assignments found ;
; final_image_rows[8]    ; No output delay, min/max delays, false-path exceptions, or max skew assignments found ;
; final_image_rows[9]    ; No output delay, min/max delays, false-path exceptions, or max skew assignments found ;
; final_image_rows[10]   ; No output delay, min/max delays, false-path exceptions, or max skew assignments found ;
; final_image_rows[11]   ; No output delay, min/max delays, false-path exceptions, or max skew assignments found ;
; final_image_rows[12]   ; No output delay, min/max delays, false-path exceptions, or max skew assignments found ;
; final_image_rows[13]   ; No output delay, min/max delays, false-path exceptions, or max skew assignments found ;
; final_image_rows[14]   ; No output delay, min/max delays, false-path exceptions, or max skew assignments found ;
; final_image_rows[15]   ; No output delay, min/max delays, false-path exceptions, or max skew assignments found ;
; final_image_rows[16]   ; No output delay, min/max delays, false-path exceptions, or max skew assignments found ;
; final_image_rows[17]   ; No output delay, min/max delays, false-path exceptions, or max skew assignments found ;
; final_image_rows[18]   ; No output delay, min/max delays, false-path exceptions, or max skew assignments found ;
; final_image_rows[19]   ; No output delay, min/max delays, false-path exceptions, or max skew assignments found ;
; final_image_rows[20]   ; No output delay, min/max delays, false-path exceptions, or max skew assignments found ;
; final_image_rows[21]   ; No output delay, min/max delays, false-path exceptions, or max skew assignments found ;
; final_image_rows[22]   ; No output delay, min/max delays, false-path exceptions, or max skew assignments found ;
; final_image_rows[23]   ; No output delay, min/max delays, false-path exceptions, or max skew assignments found ;
; final_image_rows[24]   ; No output delay, min/max delays, false-path exceptions, or max skew assignments found ;
; final_image_rows[25]   ; No output delay, min/max delays, false-path exceptions, or max skew assignments found ;
; final_image_rows[26]   ; No output delay, min/max delays, false-path exceptions, or max skew assignments found ;
; final_image_rows[27]   ; No output delay, min/max delays, false-path exceptions, or max skew assignments found ;
; final_image_rows[28]   ; No output delay, min/max delays, false-path exceptions, or max skew assignments found ;
; final_image_rows[29]   ; No output delay, min/max delays, false-path exceptions, or max skew assignments found ;
; final_image_rows[30]   ; No output delay, min/max delays, false-path exceptions, or max skew assignments found ;
; final_image_rows[31]   ; No output delay, min/max delays, false-path exceptions, or max skew assignments found ;
; feed_error_code[0]     ; No output delay, min/max delays, false-path exceptions, or max skew assignments found ;
; feed_error_code[1]     ; No output delay, min/max delays, false-path exceptions, or max skew assignments found ;
; feed_error_code[2]     ; No output delay, min/max delays, false-path exceptions, or max skew assignments found ;
; canonical_ready        ; No output delay, min/max delays, false-path exceptions, or max skew assignments found ;
; carry_passes[0]        ; No output delay, min/max delays, false-path exceptions, or max skew assignments found ;
; carry_passes[1]        ; No output delay, min/max delays, false-path exceptions, or max skew assignments found ;
+------------------------+---------------------------------------------------------------------------------------+

+---------------+
; Hold Analysis ;
+---------------+
+--------------------------------------------------------------------------------------------------------------+
; Unconstrained Input Ports                                                                                    ;
+-----------------------+--------------------------------------------------------------------------------------+
; Input Port            ; Comment                                                                              ;
+-----------------------+--------------------------------------------------------------------------------------+
; rst_n                 ; No input delay, min/max delays, false-path exceptions, or max skew assignments found ;
; command_valid         ; No input delay, min/max delays, false-path exceptions, or max skew assignments found ;
; command_generation[5] ; No input delay, min/max delays, false-path exceptions, or max skew assignments found ;
; command_generation[6] ; No input delay, min/max delays, false-path exceptions, or max skew assignments found ;
; command_generation[7] ; No input delay, min/max delays, false-path exceptions, or max skew assignments found ;
; command_generation[3] ; No input delay, min/max delays, false-path exceptions, or max skew assignments found ;
; command_generation[4] ; No input delay, min/max delays, false-path exceptions, or max skew assignments found ;
; command_generation[2] ; No input delay, min/max delays, false-path exceptions, or max skew assignments found ;
; command_generation[0] ; No input delay, min/max delays, false-path exceptions, or max skew assignments found ;
; command_generation[1] ; No input delay, min/max delays, false-path exceptions, or max skew assignments found ;
; command_index[17]     ; No input delay, min/max delays, false-path exceptions, or max skew assignments found ;
; command_index[15]     ; No input delay, min/max delays, false-path exceptions, or max skew assignments found ;
; command_index[16]     ; No input delay, min/max delays, false-path exceptions, or max skew assignments found ;
; command_index[14]     ; No input delay, min/max delays, false-path exceptions, or max skew assignments found ;
; command_index[12]     ; No input delay, min/max delays, false-path exceptions, or max skew assignments found ;
; command_index[13]     ; No input delay, min/max delays, false-path exceptions, or max skew assignments found ;
; command_index[11]     ; No input delay, min/max delays, false-path exceptions, or max skew assignments found ;
; command_index[9]      ; No input delay, min/max delays, false-path exceptions, or max skew assignments found ;
; command_index[10]     ; No input delay, min/max delays, false-path exceptions, or max skew assignments found ;
; command_index[8]      ; No input delay, min/max delays, false-path exceptions, or max skew assignments found ;
; command_index[6]      ; No input delay, min/max delays, false-path exceptions, or max skew assignments found ;
; command_index[7]      ; No input delay, min/max delays, false-path exceptions, or max skew assignments found ;
; command_index[2]      ; No input delay, min/max delays, false-path exceptions, or max skew assignments found ;
; command_index[5]      ; No input delay, min/max delays, false-path exceptions, or max skew assignments found ;
; command_index[1]      ; No input delay, min/max delays, false-path exceptions, or max skew assignments found ;
; command_index[0]      ; No input delay, min/max delays, false-path exceptions, or max skew assignments found ;
; command_index[3]      ; No input delay, min/max delays, false-path exceptions, or max skew assignments found ;
; command_index[4]      ; No input delay, min/max delays, false-path exceptions, or max skew assignments found ;
; command_index[29]     ; No input delay, min/max delays, false-path exceptions, or max skew assignments found ;
; command_index[31]     ; No input delay, min/max delays, false-path exceptions, or max skew assignments found ;
; command_index[30]     ; No input delay, min/max delays, false-path exceptions, or max skew assignments found ;
; command_index[28]     ; No input delay, min/max delays, false-path exceptions, or max skew assignments found ;
; command_index[27]     ; No input delay, min/max delays, false-path exceptions, or max skew assignments found ;
; command_index[26]     ; No input delay, min/max delays, false-path exceptions, or max skew assignments found ;
; command_index[24]     ; No input delay, min/max delays, false-path exceptions, or max skew assignments found ;
; command_index[25]     ; No input delay, min/max delays, false-path exceptions, or max skew assignments found ;
; command_index[20]     ; No input delay, min/max delays, false-path exceptions, or max skew assignments found ;
; command_index[23]     ; No input delay, min/max delays, false-path exceptions, or max skew assignments found ;
; command_index[18]     ; No input delay, min/max delays, false-path exceptions, or max skew assignments found ;
; command_index[19]     ; No input delay, min/max delays, false-path exceptions, or max skew assignments found ;
; command_index[21]     ; No input delay, min/max delays, false-path exceptions, or max skew assignments found ;
; command_index[22]     ; No input delay, min/max delays, false-path exceptions, or max skew assignments found ;
; start                 ; No input delay, min/max delays, false-path exceptions, or max skew assignments found ;
; base[26]              ; No input delay, min/max delays, false-path exceptions, or max skew assignments found ;
; base[29]              ; No input delay, min/max delays, false-path exceptions, or max skew assignments found ;
; base[27]              ; No input delay, min/max delays, false-path exceptions, or max skew assignments found ;
; base[28]              ; No input delay, min/max delays, false-path exceptions, or max skew assignments found ;
; base[17]              ; No input delay, min/max delays, false-path exceptions, or max skew assignments found ;
; base[30]              ; No input delay, min/max delays, false-path exceptions, or max skew assignments found ;
; base[31]              ; No input delay, min/max delays, false-path exceptions, or max skew assignments found ;
; base[21]              ; No input delay, min/max delays, false-path exceptions, or max skew assignments found ;
; base[22]              ; No input delay, min/max delays, false-path exceptions, or max skew assignments found ;
; base[25]              ; No input delay, min/max delays, false-path exceptions, or max skew assignments found ;
; base[18]              ; No input delay, min/max delays, false-path exceptions, or max skew assignments found ;
; base[19]              ; No input delay, min/max delays, false-path exceptions, or max skew assignments found ;
; base[20]              ; No input delay, min/max delays, false-path exceptions, or max skew assignments found ;
; base[23]              ; No input delay, min/max delays, false-path exceptions, or max skew assignments found ;
; base[24]              ; No input delay, min/max delays, false-path exceptions, or max skew assignments found ;
; base[16]              ; No input delay, min/max delays, false-path exceptions, or max skew assignments found ;
; base[15]              ; No input delay, min/max delays, false-path exceptions, or max skew assignments found ;
; base[14]              ; No input delay, min/max delays, false-path exceptions, or max skew assignments found ;
; base[11]              ; No input delay, min/max delays, false-path exceptions, or max skew assignments found ;
; base[9]               ; No input delay, min/max delays, false-path exceptions, or max skew assignments found ;
; base[10]              ; No input delay, min/max delays, false-path exceptions, or max skew assignments found ;
; base[0]               ; No input delay, min/max delays, false-path exceptions, or max skew assignments found ;
; base[1]               ; No input delay, min/max delays, false-path exceptions, or max skew assignments found ;
; base[2]               ; No input delay, min/max delays, false-path exceptions, or max skew assignments found ;
; base[12]              ; No input delay, min/max delays, false-path exceptions, or max skew assignments found ;
; base[13]              ; No input delay, min/max delays, false-path exceptions, or max skew assignments found ;
; base[8]               ; No input delay, min/max delays, false-path exceptions, or max skew assignments found ;
; base[7]               ; No input delay, min/max delays, false-path exceptions, or max skew assignments found ;
; base[6]               ; No input delay, min/max delays, false-path exceptions, or max skew assignments found ;
; base[5]               ; No input delay, min/max delays, false-path exceptions, or max skew assignments found ;
; base[3]               ; No input delay, min/max delays, false-path exceptions, or max skew assignments found ;
; base[4]               ; No input delay, min/max delays, false-path exceptions, or max skew assignments found ;
; batch_mode            ; No input delay, min/max delays, false-path exceptions, or max skew assignments found ;
; warm_count[5]         ; No input delay, min/max delays, false-path exceptions, or max skew assignments found ;
; feed_mode             ; No input delay, min/max delays, false-path exceptions, or max skew assignments found ;
; warm_count[0]         ; No input delay, min/max delays, false-path exceptions, or max skew assignments found ;
; warm_count[4]         ; No input delay, min/max delays, false-path exceptions, or max skew assignments found ;
; warm_count[3]         ; No input delay, min/max delays, false-path exceptions, or max skew assignments found ;
; warm_count[2]         ; No input delay, min/max delays, false-path exceptions, or max skew assignments found ;
; warm_count[1]         ; No input delay, min/max delays, false-path exceptions, or max skew assignments found ;
; warm_count[30]        ; No input delay, min/max delays, false-path exceptions, or max skew assignments found ;
; warm_count[31]        ; No input delay, min/max delays, false-path exceptions, or max skew assignments found ;
; warm_count[29]        ; No input delay, min/max delays, false-path exceptions, or max skew assignments found ;
; warm_count[28]        ; No input delay, min/max delays, false-path exceptions, or max skew assignments found ;
; warm_count[27]        ; No input delay, min/max delays, false-path exceptions, or max skew assignments found ;
; warm_count[26]        ; No input delay, min/max delays, false-path exceptions, or max skew assignments found ;
; warm_count[24]        ; No input delay, min/max delays, false-path exceptions, or max skew assignments found ;
; warm_count[25]        ; No input delay, min/max delays, false-path exceptions, or max skew assignments found ;
; warm_count[23]        ; No input delay, min/max delays, false-path exceptions, or max skew assignments found ;
; warm_count[22]        ; No input delay, min/max delays, false-path exceptions, or max skew assignments found ;
; warm_count[21]        ; No input delay, min/max delays, false-path exceptions, or max skew assignments found ;
; warm_count[20]        ; No input delay, min/max delays, false-path exceptions, or max skew assignments found ;
; warm_count[18]        ; No input delay, min/max delays, false-path exceptions, or max skew assignments found ;
; warm_count[19]        ; No input delay, min/max delays, false-path exceptions, or max skew assignments found ;
; warm_count[11]        ; No input delay, min/max delays, false-path exceptions, or max skew assignments found ;
; warm_count[17]        ; No input delay, min/max delays, false-path exceptions, or max skew assignments found ;
; warm_count[16]        ; No input delay, min/max delays, false-path exceptions, or max skew assignments found ;
; warm_count[15]        ; No input delay, min/max delays, false-path exceptions, or max skew assignments found ;
; warm_count[14]        ; No input delay, min/max delays, false-path exceptions, or max skew assignments found ;
; warm_count[12]        ; No input delay, min/max delays, false-path exceptions, or max skew assignments found ;
; warm_count[13]        ; No input delay, min/max delays, false-path exceptions, or max skew assignments found ;
; warm_count[10]        ; No input delay, min/max delays, false-path exceptions, or max skew assignments found ;
; warm_count[9]         ; No input delay, min/max delays, false-path exceptions, or max skew assignments found ;
; warm_count[8]         ; No input delay, min/max delays, false-path exceptions, or max skew assignments found ;
; warm_count[6]         ; No input delay, min/max delays, false-path exceptions, or max skew assignments found ;
; warm_count[7]         ; No input delay, min/max delays, false-path exceptions, or max skew assignments found ;
; load_we               ; No input delay, min/max delays, false-path exceptions, or max skew assignments found ;
; read_en               ; No input delay, min/max delays, false-path exceptions, or max skew assignments found ;
; host_addr[15]         ; No input delay, min/max delays, false-path exceptions, or max skew assignments found ;
; host_addr[13]         ; No input delay, min/max delays, false-path exceptions, or max skew assignments found ;
; host_addr[14]         ; No input delay, min/max delays, false-path exceptions, or max skew assignments found ;
; host_addr[12]         ; No input delay, min/max delays, false-path exceptions, or max skew assignments found ;
; host_addr[0]          ; No input delay, min/max delays, false-path exceptions, or max skew assignments found ;
; host_addr[1]          ; No input delay, min/max delays, false-path exceptions, or max skew assignments found ;
; host_addr[2]          ; No input delay, min/max delays, false-path exceptions, or max skew assignments found ;
; host_addr[3]          ; No input delay, min/max delays, false-path exceptions, or max skew assignments found ;
; host_addr[4]          ; No input delay, min/max delays, false-path exceptions, or max skew assignments found ;
; host_addr[5]          ; No input delay, min/max delays, false-path exceptions, or max skew assignments found ;
; host_addr[6]          ; No input delay, min/max delays, false-path exceptions, or max skew assignments found ;
; host_addr[7]          ; No input delay, min/max delays, false-path exceptions, or max skew assignments found ;
; host_addr[8]          ; No input delay, min/max delays, false-path exceptions, or max skew assignments found ;
; host_addr[9]          ; No input delay, min/max delays, false-path exceptions, or max skew assignments found ;
; host_addr[10]         ; No input delay, min/max delays, false-path exceptions, or max skew assignments found ;
; host_addr[11]         ; No input delay, min/max delays, false-path exceptions, or max skew assignments found ;
; write_data[0]         ; No input delay, min/max delays, false-path exceptions, or max skew assignments found ;
; write_data[1]         ; No input delay, min/max delays, false-path exceptions, or max skew assignments found ;
; write_data[2]         ; No input delay, min/max delays, false-path exceptions, or max skew assignments found ;
; write_data[3]         ; No input delay, min/max delays, false-path exceptions, or max skew assignments found ;
; write_data[4]         ; No input delay, min/max delays, false-path exceptions, or max skew assignments found ;
; write_data[5]         ; No input delay, min/max delays, false-path exceptions, or max skew assignments found ;
; write_data[6]         ; No input delay, min/max delays, false-path exceptions, or max skew assignments found ;
; write_data[7]         ; No input delay, min/max delays, false-path exceptions, or max skew assignments found ;
; write_data[8]         ; No input delay, min/max delays, false-path exceptions, or max skew assignments found ;
; write_data[9]         ; No input delay, min/max delays, false-path exceptions, or max skew assignments found ;
; write_data[10]        ; No input delay, min/max delays, false-path exceptions, or max skew assignments found ;
; write_data[11]        ; No input delay, min/max delays, false-path exceptions, or max skew assignments found ;
; write_data[12]        ; No input delay, min/max delays, false-path exceptions, or max skew assignments found ;
; write_data[13]        ; No input delay, min/max delays, false-path exceptions, or max skew assignments found ;
; write_data[14]        ; No input delay, min/max delays, false-path exceptions, or max skew assignments found ;
; write_data[15]        ; No input delay, min/max delays, false-path exceptions, or max skew assignments found ;
; write_data[16]        ; No input delay, min/max delays, false-path exceptions, or max skew assignments found ;
; write_data[17]        ; No input delay, min/max delays, false-path exceptions, or max skew assignments found ;
; write_data[18]        ; No input delay, min/max delays, false-path exceptions, or max skew assignments found ;
; write_data[19]        ; No input delay, min/max delays, false-path exceptions, or max skew assignments found ;
; write_data[20]        ; No input delay, min/max delays, false-path exceptions, or max skew assignments found ;
; write_data[21]        ; No input delay, min/max delays, false-path exceptions, or max skew assignments found ;
; write_data[22]        ; No input delay, min/max delays, false-path exceptions, or max skew assignments found ;
; write_data[23]        ; No input delay, min/max delays, false-path exceptions, or max skew assignments found ;
; write_data[24]        ; No input delay, min/max delays, false-path exceptions, or max skew assignments found ;
; write_data[25]        ; No input delay, min/max delays, false-path exceptions, or max skew assignments found ;
; write_data[26]        ; No input delay, min/max delays, false-path exceptions, or max skew assignments found ;
; write_data[27]        ; No input delay, min/max delays, false-path exceptions, or max skew assignments found ;
; write_data[28]        ; No input delay, min/max delays, false-path exceptions, or max skew assignments found ;
; write_data[29]        ; No input delay, min/max delays, false-path exceptions, or max skew assignments found ;
; write_data[30]        ; No input delay, min/max delays, false-path exceptions, or max skew assignments found ;
; write_data[31]        ; No input delay, min/max delays, false-path exceptions, or max skew assignments found ;
; double_bit            ; No input delay, min/max delays, false-path exceptions, or max skew assignments found ;
; command_double        ; No input delay, min/max delays, false-path exceptions, or max skew assignments found ;
; double_mask[5]        ; No input delay, min/max delays, false-path exceptions, or max skew assignments found ;
; double_mask[7]        ; No input delay, min/max delays, false-path exceptions, or max skew assignments found ;
; double_mask[4]        ; No input delay, min/max delays, false-path exceptions, or max skew assignments found ;
; double_mask[6]        ; No input delay, min/max delays, false-path exceptions, or max skew assignments found ;
; double_mask[13]       ; No input delay, min/max delays, false-path exceptions, or max skew assignments found ;
; double_mask[15]       ; No input delay, min/max delays, false-path exceptions, or max skew assignments found ;
; double_mask[12]       ; No input delay, min/max delays, false-path exceptions, or max skew assignments found ;
; double_mask[14]       ; No input delay, min/max delays, false-path exceptions, or max skew assignments found ;
; double_mask[21]       ; No input delay, min/max delays, false-path exceptions, or max skew assignments found ;
; double_mask[23]       ; No input delay, min/max delays, false-path exceptions, or max skew assignments found ;
; double_mask[20]       ; No input delay, min/max delays, false-path exceptions, or max skew assignments found ;
; double_mask[22]       ; No input delay, min/max delays, false-path exceptions, or max skew assignments found ;
; double_mask[29]       ; No input delay, min/max delays, false-path exceptions, or max skew assignments found ;
; double_mask[31]       ; No input delay, min/max delays, false-path exceptions, or max skew assignments found ;
; double_mask[28]       ; No input delay, min/max delays, false-path exceptions, or max skew assignments found ;
; double_mask[30]       ; No input delay, min/max delays, false-path exceptions, or max skew assignments found ;
; double_mask[1]        ; No input delay, min/max delays, false-path exceptions, or max skew assignments found ;
; double_mask[3]        ; No input delay, min/max delays, false-path exceptions, or max skew assignments found ;
; double_mask[0]        ; No input delay, min/max delays, false-path exceptions, or max skew assignments found ;
; double_mask[2]        ; No input delay, min/max delays, false-path exceptions, or max skew assignments found ;
; double_mask[9]        ; No input delay, min/max delays, false-path exceptions, or max skew assignments found ;
; double_mask[11]       ; No input delay, min/max delays, false-path exceptions, or max skew assignments found ;
; double_mask[8]        ; No input delay, min/max delays, false-path exceptions, or max skew assignments found ;
; double_mask[10]       ; No input delay, min/max delays, false-path exceptions, or max skew assignments found ;
; double_mask[17]       ; No input delay, min/max delays, false-path exceptions, or max skew assignments found ;
; double_mask[19]       ; No input delay, min/max delays, false-path exceptions, or max skew assignments found ;
; double_mask[16]       ; No input delay, min/max delays, false-path exceptions, or max skew assignments found ;
; double_mask[18]       ; No input delay, min/max delays, false-path exceptions, or max skew assignments found ;
; double_mask[25]       ; No input delay, min/max delays, false-path exceptions, or max skew assignments found ;
; double_mask[27]       ; No input delay, min/max delays, false-path exceptions, or max skew assignments found ;
; double_mask[24]       ; No input delay, min/max delays, false-path exceptions, or max skew assignments found ;
; double_mask[26]       ; No input delay, min/max delays, false-path exceptions, or max skew assignments found ;
+-----------------------+--------------------------------------------------------------------------------------+

+----------------------------------------------------------------------------------------------------------------+
; Unconstrained Output Ports                                                                                     ;
+------------------------+---------------------------------------------------------------------------------------+
; Output Port            ; Comment                                                                               ;
+------------------------+---------------------------------------------------------------------------------------+
; read_valid             ; No output delay, min/max delays, false-path exceptions, or max skew assignments found ;
; read_data[0]           ; No output delay, min/max delays, false-path exceptions, or max skew assignments found ;
; read_data[1]           ; No output delay, min/max delays, false-path exceptions, or max skew assignments found ;
; read_data[2]           ; No output delay, min/max delays, false-path exceptions, or max skew assignments found ;
; read_data[3]           ; No output delay, min/max delays, false-path exceptions, or max skew assignments found ;
; read_data[4]           ; No output delay, min/max delays, false-path exceptions, or max skew assignments found ;
; read_data[5]           ; No output delay, min/max delays, false-path exceptions, or max skew assignments found ;
; read_data[6]           ; No output delay, min/max delays, false-path exceptions, or max skew assignments found ;
; read_data[7]           ; No output delay, min/max delays, false-path exceptions, or max skew assignments found ;
; read_data[8]           ; No output delay, min/max delays, false-path exceptions, or max skew assignments found ;
; read_data[9]           ; No output delay, min/max delays, false-path exceptions, or max skew assignments found ;
; read_data[10]          ; No output delay, min/max delays, false-path exceptions, or max skew assignments found ;
; read_data[11]          ; No output delay, min/max delays, false-path exceptions, or max skew assignments found ;
; read_data[12]          ; No output delay, min/max delays, false-path exceptions, or max skew assignments found ;
; read_data[13]          ; No output delay, min/max delays, false-path exceptions, or max skew assignments found ;
; read_data[14]          ; No output delay, min/max delays, false-path exceptions, or max skew assignments found ;
; read_data[15]          ; No output delay, min/max delays, false-path exceptions, or max skew assignments found ;
; read_data[16]          ; No output delay, min/max delays, false-path exceptions, or max skew assignments found ;
; read_data[17]          ; No output delay, min/max delays, false-path exceptions, or max skew assignments found ;
; read_data[18]          ; No output delay, min/max delays, false-path exceptions, or max skew assignments found ;
; read_data[19]          ; No output delay, min/max delays, false-path exceptions, or max skew assignments found ;
; read_data[20]          ; No output delay, min/max delays, false-path exceptions, or max skew assignments found ;
; read_data[21]          ; No output delay, min/max delays, false-path exceptions, or max skew assignments found ;
; read_data[22]          ; No output delay, min/max delays, false-path exceptions, or max skew assignments found ;
; read_data[23]          ; No output delay, min/max delays, false-path exceptions, or max skew assignments found ;
; read_data[24]          ; No output delay, min/max delays, false-path exceptions, or max skew assignments found ;
; read_data[25]          ; No output delay, min/max delays, false-path exceptions, or max skew assignments found ;
; read_data[26]          ; No output delay, min/max delays, false-path exceptions, or max skew assignments found ;
; read_data[27]          ; No output delay, min/max delays, false-path exceptions, or max skew assignments found ;
; read_data[28]          ; No output delay, min/max delays, false-path exceptions, or max skew assignments found ;
; read_data[29]          ; No output delay, min/max delays, false-path exceptions, or max skew assignments found ;
; read_data[30]          ; No output delay, min/max delays, false-path exceptions, or max skew assignments found ;
; read_data[31]          ; No output delay, min/max delays, false-path exceptions, or max skew assignments found ;
; read_data[32]          ; No output delay, min/max delays, false-path exceptions, or max skew assignments found ;
; read_data[33]          ; No output delay, min/max delays, false-path exceptions, or max skew assignments found ;
; read_data[34]          ; No output delay, min/max delays, false-path exceptions, or max skew assignments found ;
; read_data[35]          ; No output delay, min/max delays, false-path exceptions, or max skew assignments found ;
; read_data[36]          ; No output delay, min/max delays, false-path exceptions, or max skew assignments found ;
; read_data[37]          ; No output delay, min/max delays, false-path exceptions, or max skew assignments found ;
; read_data[38]          ; No output delay, min/max delays, false-path exceptions, or max skew assignments found ;
; read_data[39]          ; No output delay, min/max delays, false-path exceptions, or max skew assignments found ;
; read_data[40]          ; No output delay, min/max delays, false-path exceptions, or max skew assignments found ;
; read_data[41]          ; No output delay, min/max delays, false-path exceptions, or max skew assignments found ;
; read_data[42]          ; No output delay, min/max delays, false-path exceptions, or max skew assignments found ;
; read_data[43]          ; No output delay, min/max delays, false-path exceptions, or max skew assignments found ;
; read_data[44]          ; No output delay, min/max delays, false-path exceptions, or max skew assignments found ;
; read_data[45]          ; No output delay, min/max delays, false-path exceptions, or max skew assignments found ;
; read_data[46]          ; No output delay, min/max delays, false-path exceptions, or max skew assignments found ;
; read_data[47]          ; No output delay, min/max delays, false-path exceptions, or max skew assignments found ;
; read_data[48]          ; No output delay, min/max delays, false-path exceptions, or max skew assignments found ;
; read_data[49]          ; No output delay, min/max delays, false-path exceptions, or max skew assignments found ;
; read_data[50]          ; No output delay, min/max delays, false-path exceptions, or max skew assignments found ;
; read_data[51]          ; No output delay, min/max delays, false-path exceptions, or max skew assignments found ;
; read_data[52]          ; No output delay, min/max delays, false-path exceptions, or max skew assignments found ;
; read_data[53]          ; No output delay, min/max delays, false-path exceptions, or max skew assignments found ;
; read_data[54]          ; No output delay, min/max delays, false-path exceptions, or max skew assignments found ;
; read_data[55]          ; No output delay, min/max delays, false-path exceptions, or max skew assignments found ;
; read_data[56]          ; No output delay, min/max delays, false-path exceptions, or max skew assignments found ;
; read_data[57]          ; No output delay, min/max delays, false-path exceptions, or max skew assignments found ;
; read_data[58]          ; No output delay, min/max delays, false-path exceptions, or max skew assignments found ;
; read_data[59]          ; No output delay, min/max delays, false-path exceptions, or max skew assignments found ;
; read_data[60]          ; No output delay, min/max delays, false-path exceptions, or max skew assignments found ;
; read_data[61]          ; No output delay, min/max delays, false-path exceptions, or max skew assignments found ;
; read_data[62]          ; No output delay, min/max delays, false-path exceptions, or max skew assignments found ;
; read_data[63]          ; No output delay, min/max delays, false-path exceptions, or max skew assignments found ;
; read_data[64]          ; No output delay, min/max delays, false-path exceptions, or max skew assignments found ;
; read_data[65]          ; No output delay, min/max delays, false-path exceptions, or max skew assignments found ;
; read_data[66]          ; No output delay, min/max delays, false-path exceptions, or max skew assignments found ;
; read_data[67]          ; No output delay, min/max delays, false-path exceptions, or max skew assignments found ;
; read_data[68]          ; No output delay, min/max delays, false-path exceptions, or max skew assignments found ;
; read_data[69]          ; No output delay, min/max delays, false-path exceptions, or max skew assignments found ;
; read_data[70]          ; No output delay, min/max delays, false-path exceptions, or max skew assignments found ;
; read_data[71]          ; No output delay, min/max delays, false-path exceptions, or max skew assignments found ;
; read_data[72]          ; No output delay, min/max delays, false-path exceptions, or max skew assignments found ;
; read_data[73]          ; No output delay, min/max delays, false-path exceptions, or max skew assignments found ;
; read_data[74]          ; No output delay, min/max delays, false-path exceptions, or max skew assignments found ;
; read_data[75]          ; No output delay, min/max delays, false-path exceptions, or max skew assignments found ;
; read_data[76]          ; No output delay, min/max delays, false-path exceptions, or max skew assignments found ;
; read_data[77]          ; No output delay, min/max delays, false-path exceptions, or max skew assignments found ;
; read_data[78]          ; No output delay, min/max delays, false-path exceptions, or max skew assignments found ;
; read_data[79]          ; No output delay, min/max delays, false-path exceptions, or max skew assignments found ;
; read_data[80]          ; No output delay, min/max delays, false-path exceptions, or max skew assignments found ;
; read_data[81]          ; No output delay, min/max delays, false-path exceptions, or max skew assignments found ;
; read_data[82]          ; No output delay, min/max delays, false-path exceptions, or max skew assignments found ;
; read_data[83]          ; No output delay, min/max delays, false-path exceptions, or max skew assignments found ;
; read_data[84]          ; No output delay, min/max delays, false-path exceptions, or max skew assignments found ;
; read_data[85]          ; No output delay, min/max delays, false-path exceptions, or max skew assignments found ;
; read_data[86]          ; No output delay, min/max delays, false-path exceptions, or max skew assignments found ;
; read_data[87]          ; No output delay, min/max delays, false-path exceptions, or max skew assignments found ;
; read_data[88]          ; No output delay, min/max delays, false-path exceptions, or max skew assignments found ;
; read_data[89]          ; No output delay, min/max delays, false-path exceptions, or max skew assignments found ;
; read_data[90]          ; No output delay, min/max delays, false-path exceptions, or max skew assignments found ;
; read_data[91]          ; No output delay, min/max delays, false-path exceptions, or max skew assignments found ;
; read_data[92]          ; No output delay, min/max delays, false-path exceptions, or max skew assignments found ;
; read_data[93]          ; No output delay, min/max delays, false-path exceptions, or max skew assignments found ;
; read_data[94]          ; No output delay, min/max delays, false-path exceptions, or max skew assignments found ;
; read_data[95]          ; No output delay, min/max delays, false-path exceptions, or max skew assignments found ;
; busy                   ; No output delay, min/max delays, false-path exceptions, or max skew assignments found ;
; done                   ; No output delay, min/max delays, false-path exceptions, or max skew assignments found ;
; error                  ; No output delay, min/max delays, false-path exceptions, or max skew assignments found ;
; cycles[0]              ; No output delay, min/max delays, false-path exceptions, or max skew assignments found ;
; cycles[1]              ; No output delay, min/max delays, false-path exceptions, or max skew assignments found ;
; cycles[2]              ; No output delay, min/max delays, false-path exceptions, or max skew assignments found ;
; cycles[3]              ; No output delay, min/max delays, false-path exceptions, or max skew assignments found ;
; cycles[4]              ; No output delay, min/max delays, false-path exceptions, or max skew assignments found ;
; cycles[5]              ; No output delay, min/max delays, false-path exceptions, or max skew assignments found ;
; cycles[6]              ; No output delay, min/max delays, false-path exceptions, or max skew assignments found ;
; cycles[7]              ; No output delay, min/max delays, false-path exceptions, or max skew assignments found ;
; cycles[8]              ; No output delay, min/max delays, false-path exceptions, or max skew assignments found ;
; cycles[9]              ; No output delay, min/max delays, false-path exceptions, or max skew assignments found ;
; cycles[10]             ; No output delay, min/max delays, false-path exceptions, or max skew assignments found ;
; cycles[11]             ; No output delay, min/max delays, false-path exceptions, or max skew assignments found ;
; cycles[12]             ; No output delay, min/max delays, false-path exceptions, or max skew assignments found ;
; cycles[13]             ; No output delay, min/max delays, false-path exceptions, or max skew assignments found ;
; cycles[14]             ; No output delay, min/max delays, false-path exceptions, or max skew assignments found ;
; cycles[15]             ; No output delay, min/max delays, false-path exceptions, or max skew assignments found ;
; cycles[16]             ; No output delay, min/max delays, false-path exceptions, or max skew assignments found ;
; cycles[17]             ; No output delay, min/max delays, false-path exceptions, or max skew assignments found ;
; cycles[18]             ; No output delay, min/max delays, false-path exceptions, or max skew assignments found ;
; cycles[19]             ; No output delay, min/max delays, false-path exceptions, or max skew assignments found ;
; cycles[20]             ; No output delay, min/max delays, false-path exceptions, or max skew assignments found ;
; cycles[21]             ; No output delay, min/max delays, false-path exceptions, or max skew assignments found ;
; cycles[22]             ; No output delay, min/max delays, false-path exceptions, or max skew assignments found ;
; cycles[23]             ; No output delay, min/max delays, false-path exceptions, or max skew assignments found ;
; cycles[24]             ; No output delay, min/max delays, false-path exceptions, or max skew assignments found ;
; cycles[25]             ; No output delay, min/max delays, false-path exceptions, or max skew assignments found ;
; cycles[26]             ; No output delay, min/max delays, false-path exceptions, or max skew assignments found ;
; cycles[27]             ; No output delay, min/max delays, false-path exceptions, or max skew assignments found ;
; cycles[28]             ; No output delay, min/max delays, false-path exceptions, or max skew assignments found ;
; cycles[29]             ; No output delay, min/max delays, false-path exceptions, or max skew assignments found ;
; cycles[30]             ; No output delay, min/max delays, false-path exceptions, or max skew assignments found ;
; cycles[31]             ; No output delay, min/max delays, false-path exceptions, or max skew assignments found ;
; cycles[32]             ; No output delay, min/max delays, false-path exceptions, or max skew assignments found ;
; cycles[33]             ; No output delay, min/max delays, false-path exceptions, or max skew assignments found ;
; cycles[34]             ; No output delay, min/max delays, false-path exceptions, or max skew assignments found ;
; cycles[35]             ; No output delay, min/max delays, false-path exceptions, or max skew assignments found ;
; cycles[36]             ; No output delay, min/max delays, false-path exceptions, or max skew assignments found ;
; cycles[37]             ; No output delay, min/max delays, false-path exceptions, or max skew assignments found ;
; cycles[38]             ; No output delay, min/max delays, false-path exceptions, or max skew assignments found ;
; cycles[39]             ; No output delay, min/max delays, false-path exceptions, or max skew assignments found ;
; cycles[40]             ; No output delay, min/max delays, false-path exceptions, or max skew assignments found ;
; cycles[41]             ; No output delay, min/max delays, false-path exceptions, or max skew assignments found ;
; cycles[42]             ; No output delay, min/max delays, false-path exceptions, or max skew assignments found ;
; cycles[43]             ; No output delay, min/max delays, false-path exceptions, or max skew assignments found ;
; cycles[44]             ; No output delay, min/max delays, false-path exceptions, or max skew assignments found ;
; cycles[45]             ; No output delay, min/max delays, false-path exceptions, or max skew assignments found ;
; cycles[46]             ; No output delay, min/max delays, false-path exceptions, or max skew assignments found ;
; cycles[47]             ; No output delay, min/max delays, false-path exceptions, or max skew assignments found ;
; cycles[48]             ; No output delay, min/max delays, false-path exceptions, or max skew assignments found ;
; cycles[49]             ; No output delay, min/max delays, false-path exceptions, or max skew assignments found ;
; cycles[50]             ; No output delay, min/max delays, false-path exceptions, or max skew assignments found ;
; cycles[51]             ; No output delay, min/max delays, false-path exceptions, or max skew assignments found ;
; cycles[52]             ; No output delay, min/max delays, false-path exceptions, or max skew assignments found ;
; cycles[53]             ; No output delay, min/max delays, false-path exceptions, or max skew assignments found ;
; cycles[54]             ; No output delay, min/max delays, false-path exceptions, or max skew assignments found ;
; cycles[55]             ; No output delay, min/max delays, false-path exceptions, or max skew assignments found ;
; cycles[56]             ; No output delay, min/max delays, false-path exceptions, or max skew assignments found ;
; cycles[57]             ; No output delay, min/max delays, false-path exceptions, or max skew assignments found ;
; cycles[58]             ; No output delay, min/max delays, false-path exceptions, or max skew assignments found ;
; cycles[59]             ; No output delay, min/max delays, false-path exceptions, or max skew assignments found ;
; cycles[60]             ; No output delay, min/max delays, false-path exceptions, or max skew assignments found ;
; cycles[61]             ; No output delay, min/max delays, false-path exceptions, or max skew assignments found ;
; cycles[62]             ; No output delay, min/max delays, false-path exceptions, or max skew assignments found ;
; cycles[63]             ; No output delay, min/max delays, false-path exceptions, or max skew assignments found ;
; conversion_cycles[0]   ; No output delay, min/max delays, false-path exceptions, or max skew assignments found ;
; conversion_cycles[1]   ; No output delay, min/max delays, false-path exceptions, or max skew assignments found ;
; conversion_cycles[2]   ; No output delay, min/max delays, false-path exceptions, or max skew assignments found ;
; conversion_cycles[3]   ; No output delay, min/max delays, false-path exceptions, or max skew assignments found ;
; conversion_cycles[4]   ; No output delay, min/max delays, false-path exceptions, or max skew assignments found ;
; conversion_cycles[5]   ; No output delay, min/max delays, false-path exceptions, or max skew assignments found ;
; conversion_cycles[6]   ; No output delay, min/max delays, false-path exceptions, or max skew assignments found ;
; conversion_cycles[7]   ; No output delay, min/max delays, false-path exceptions, or max skew assignments found ;
; conversion_cycles[8]   ; No output delay, min/max delays, false-path exceptions, or max skew assignments found ;
; conversion_cycles[9]   ; No output delay, min/max delays, false-path exceptions, or max skew assignments found ;
; conversion_cycles[10]  ; No output delay, min/max delays, false-path exceptions, or max skew assignments found ;
; conversion_cycles[11]  ; No output delay, min/max delays, false-path exceptions, or max skew assignments found ;
; conversion_cycles[12]  ; No output delay, min/max delays, false-path exceptions, or max skew assignments found ;
; conversion_cycles[13]  ; No output delay, min/max delays, false-path exceptions, or max skew assignments found ;
; conversion_cycles[14]  ; No output delay, min/max delays, false-path exceptions, or max skew assignments found ;
; conversion_cycles[15]  ; No output delay, min/max delays, false-path exceptions, or max skew assignments found ;
; conversion_cycles[16]  ; No output delay, min/max delays, false-path exceptions, or max skew assignments found ;
; conversion_cycles[17]  ; No output delay, min/max delays, false-path exceptions, or max skew assignments found ;
; conversion_cycles[18]  ; No output delay, min/max delays, false-path exceptions, or max skew assignments found ;
; conversion_cycles[19]  ; No output delay, min/max delays, false-path exceptions, or max skew assignments found ;
; conversion_cycles[20]  ; No output delay, min/max delays, false-path exceptions, or max skew assignments found ;
; conversion_cycles[21]  ; No output delay, min/max delays, false-path exceptions, or max skew assignments found ;
; conversion_cycles[22]  ; No output delay, min/max delays, false-path exceptions, or max skew assignments found ;
; conversion_cycles[23]  ; No output delay, min/max delays, false-path exceptions, or max skew assignments found ;
; conversion_cycles[24]  ; No output delay, min/max delays, false-path exceptions, or max skew assignments found ;
; conversion_cycles[25]  ; No output delay, min/max delays, false-path exceptions, or max skew assignments found ;
; conversion_cycles[26]  ; No output delay, min/max delays, false-path exceptions, or max skew assignments found ;
; conversion_cycles[27]  ; No output delay, min/max delays, false-path exceptions, or max skew assignments found ;
; conversion_cycles[28]  ; No output delay, min/max delays, false-path exceptions, or max skew assignments found ;
; conversion_cycles[29]  ; No output delay, min/max delays, false-path exceptions, or max skew assignments found ;
; conversion_cycles[30]  ; No output delay, min/max delays, false-path exceptions, or max skew assignments found ;
; conversion_cycles[31]  ; No output delay, min/max delays, false-path exceptions, or max skew assignments found ;
; conversion_cycles[32]  ; No output delay, min/max delays, false-path exceptions, or max skew assignments found ;
; conversion_cycles[33]  ; No output delay, min/max delays, false-path exceptions, or max skew assignments found ;
; conversion_cycles[34]  ; No output delay, min/max delays, false-path exceptions, or max skew assignments found ;
; conversion_cycles[35]  ; No output delay, min/max delays, false-path exceptions, or max skew assignments found ;
; conversion_cycles[36]  ; No output delay, min/max delays, false-path exceptions, or max skew assignments found ;
; conversion_cycles[37]  ; No output delay, min/max delays, false-path exceptions, or max skew assignments found ;
; conversion_cycles[38]  ; No output delay, min/max delays, false-path exceptions, or max skew assignments found ;
; conversion_cycles[39]  ; No output delay, min/max delays, false-path exceptions, or max skew assignments found ;
; conversion_cycles[40]  ; No output delay, min/max delays, false-path exceptions, or max skew assignments found ;
; conversion_cycles[41]  ; No output delay, min/max delays, false-path exceptions, or max skew assignments found ;
; conversion_cycles[42]  ; No output delay, min/max delays, false-path exceptions, or max skew assignments found ;
; conversion_cycles[43]  ; No output delay, min/max delays, false-path exceptions, or max skew assignments found ;
; conversion_cycles[44]  ; No output delay, min/max delays, false-path exceptions, or max skew assignments found ;
; conversion_cycles[45]  ; No output delay, min/max delays, false-path exceptions, or max skew assignments found ;
; conversion_cycles[46]  ; No output delay, min/max delays, false-path exceptions, or max skew assignments found ;
; conversion_cycles[47]  ; No output delay, min/max delays, false-path exceptions, or max skew assignments found ;
; conversion_cycles[48]  ; No output delay, min/max delays, false-path exceptions, or max skew assignments found ;
; conversion_cycles[49]  ; No output delay, min/max delays, false-path exceptions, or max skew assignments found ;
; conversion_cycles[50]  ; No output delay, min/max delays, false-path exceptions, or max skew assignments found ;
; conversion_cycles[51]  ; No output delay, min/max delays, false-path exceptions, or max skew assignments found ;
; conversion_cycles[52]  ; No output delay, min/max delays, false-path exceptions, or max skew assignments found ;
; conversion_cycles[53]  ; No output delay, min/max delays, false-path exceptions, or max skew assignments found ;
; conversion_cycles[54]  ; No output delay, min/max delays, false-path exceptions, or max skew assignments found ;
; conversion_cycles[55]  ; No output delay, min/max delays, false-path exceptions, or max skew assignments found ;
; conversion_cycles[56]  ; No output delay, min/max delays, false-path exceptions, or max skew assignments found ;
; conversion_cycles[57]  ; No output delay, min/max delays, false-path exceptions, or max skew assignments found ;
; conversion_cycles[58]  ; No output delay, min/max delays, false-path exceptions, or max skew assignments found ;
; conversion_cycles[59]  ; No output delay, min/max delays, false-path exceptions, or max skew assignments found ;
; conversion_cycles[60]  ; No output delay, min/max delays, false-path exceptions, or max skew assignments found ;
; conversion_cycles[61]  ; No output delay, min/max delays, false-path exceptions, or max skew assignments found ;
; conversion_cycles[62]  ; No output delay, min/max delays, false-path exceptions, or max skew assignments found ;
; conversion_cycles[63]  ; No output delay, min/max delays, false-path exceptions, or max skew assignments found ;
; root_cycles[0]         ; No output delay, min/max delays, false-path exceptions, or max skew assignments found ;
; root_cycles[1]         ; No output delay, min/max delays, false-path exceptions, or max skew assignments found ;
; root_cycles[2]         ; No output delay, min/max delays, false-path exceptions, or max skew assignments found ;
; root_cycles[3]         ; No output delay, min/max delays, false-path exceptions, or max skew assignments found ;
; root_cycles[4]         ; No output delay, min/max delays, false-path exceptions, or max skew assignments found ;
; root_cycles[5]         ; No output delay, min/max delays, false-path exceptions, or max skew assignments found ;
; root_cycles[6]         ; No output delay, min/max delays, false-path exceptions, or max skew assignments found ;
; root_cycles[7]         ; No output delay, min/max delays, false-path exceptions, or max skew assignments found ;
; root_cycles[8]         ; No output delay, min/max delays, false-path exceptions, or max skew assignments found ;
; root_cycles[9]         ; No output delay, min/max delays, false-path exceptions, or max skew assignments found ;
; root_cycles[10]        ; No output delay, min/max delays, false-path exceptions, or max skew assignments found ;
; root_cycles[11]        ; No output delay, min/max delays, false-path exceptions, or max skew assignments found ;
; root_cycles[12]        ; No output delay, min/max delays, false-path exceptions, or max skew assignments found ;
; root_cycles[13]        ; No output delay, min/max delays, false-path exceptions, or max skew assignments found ;
; root_cycles[14]        ; No output delay, min/max delays, false-path exceptions, or max skew assignments found ;
; root_cycles[15]        ; No output delay, min/max delays, false-path exceptions, or max skew assignments found ;
; root_cycles[16]        ; No output delay, min/max delays, false-path exceptions, or max skew assignments found ;
; root_cycles[17]        ; No output delay, min/max delays, false-path exceptions, or max skew assignments found ;
; root_cycles[18]        ; No output delay, min/max delays, false-path exceptions, or max skew assignments found ;
; root_cycles[19]        ; No output delay, min/max delays, false-path exceptions, or max skew assignments found ;
; root_cycles[20]        ; No output delay, min/max delays, false-path exceptions, or max skew assignments found ;
; root_cycles[21]        ; No output delay, min/max delays, false-path exceptions, or max skew assignments found ;
; root_cycles[22]        ; No output delay, min/max delays, false-path exceptions, or max skew assignments found ;
; root_cycles[23]        ; No output delay, min/max delays, false-path exceptions, or max skew assignments found ;
; root_cycles[24]        ; No output delay, min/max delays, false-path exceptions, or max skew assignments found ;
; root_cycles[25]        ; No output delay, min/max delays, false-path exceptions, or max skew assignments found ;
; root_cycles[26]        ; No output delay, min/max delays, false-path exceptions, or max skew assignments found ;
; root_cycles[27]        ; No output delay, min/max delays, false-path exceptions, or max skew assignments found ;
; root_cycles[28]        ; No output delay, min/max delays, false-path exceptions, or max skew assignments found ;
; root_cycles[29]        ; No output delay, min/max delays, false-path exceptions, or max skew assignments found ;
; root_cycles[30]        ; No output delay, min/max delays, false-path exceptions, or max skew assignments found ;
; root_cycles[31]        ; No output delay, min/max delays, false-path exceptions, or max skew assignments found ;
; root_cycles[32]        ; No output delay, min/max delays, false-path exceptions, or max skew assignments found ;
; root_cycles[33]        ; No output delay, min/max delays, false-path exceptions, or max skew assignments found ;
; root_cycles[34]        ; No output delay, min/max delays, false-path exceptions, or max skew assignments found ;
; root_cycles[35]        ; No output delay, min/max delays, false-path exceptions, or max skew assignments found ;
; root_cycles[36]        ; No output delay, min/max delays, false-path exceptions, or max skew assignments found ;
; root_cycles[37]        ; No output delay, min/max delays, false-path exceptions, or max skew assignments found ;
; root_cycles[38]        ; No output delay, min/max delays, false-path exceptions, or max skew assignments found ;
; root_cycles[39]        ; No output delay, min/max delays, false-path exceptions, or max skew assignments found ;
; root_cycles[40]        ; No output delay, min/max delays, false-path exceptions, or max skew assignments found ;
; root_cycles[41]        ; No output delay, min/max delays, false-path exceptions, or max skew assignments found ;
; root_cycles[42]        ; No output delay, min/max delays, false-path exceptions, or max skew assignments found ;
; root_cycles[43]        ; No output delay, min/max delays, false-path exceptions, or max skew assignments found ;
; root_cycles[44]        ; No output delay, min/max delays, false-path exceptions, or max skew assignments found ;
; root_cycles[45]        ; No output delay, min/max delays, false-path exceptions, or max skew assignments found ;
; root_cycles[46]        ; No output delay, min/max delays, false-path exceptions, or max skew assignments found ;
; root_cycles[47]        ; No output delay, min/max delays, false-path exceptions, or max skew assignments found ;
; root_cycles[48]        ; No output delay, min/max delays, false-path exceptions, or max skew assignments found ;
; root_cycles[49]        ; No output delay, min/max delays, false-path exceptions, or max skew assignments found ;
; root_cycles[50]        ; No output delay, min/max delays, false-path exceptions, or max skew assignments found ;
; root_cycles[51]        ; No output delay, min/max delays, false-path exceptions, or max skew assignments found ;
; root_cycles[52]        ; No output delay, min/max delays, false-path exceptions, or max skew assignments found ;
; root_cycles[53]        ; No output delay, min/max delays, false-path exceptions, or max skew assignments found ;
; root_cycles[54]        ; No output delay, min/max delays, false-path exceptions, or max skew assignments found ;
; root_cycles[55]        ; No output delay, min/max delays, false-path exceptions, or max skew assignments found ;
; root_cycles[56]        ; No output delay, min/max delays, false-path exceptions, or max skew assignments found ;
; root_cycles[57]        ; No output delay, min/max delays, false-path exceptions, or max skew assignments found ;
; root_cycles[58]        ; No output delay, min/max delays, false-path exceptions, or max skew assignments found ;
; root_cycles[59]        ; No output delay, min/max delays, false-path exceptions, or max skew assignments found ;
; root_cycles[60]        ; No output delay, min/max delays, false-path exceptions, or max skew assignments found ;
; root_cycles[61]        ; No output delay, min/max delays, false-path exceptions, or max skew assignments found ;
; root_cycles[62]        ; No output delay, min/max delays, false-path exceptions, or max skew assignments found ;
; root_cycles[63]        ; No output delay, min/max delays, false-path exceptions, or max skew assignments found ;
; ntt_cycles[0]          ; No output delay, min/max delays, false-path exceptions, or max skew assignments found ;
; ntt_cycles[1]          ; No output delay, min/max delays, false-path exceptions, or max skew assignments found ;
; ntt_cycles[2]          ; No output delay, min/max delays, false-path exceptions, or max skew assignments found ;
; ntt_cycles[3]          ; No output delay, min/max delays, false-path exceptions, or max skew assignments found ;
; ntt_cycles[4]          ; No output delay, min/max delays, false-path exceptions, or max skew assignments found ;
; ntt_cycles[5]          ; No output delay, min/max delays, false-path exceptions, or max skew assignments found ;
; ntt_cycles[6]          ; No output delay, min/max delays, false-path exceptions, or max skew assignments found ;
; ntt_cycles[7]          ; No output delay, min/max delays, false-path exceptions, or max skew assignments found ;
; ntt_cycles[8]          ; No output delay, min/max delays, false-path exceptions, or max skew assignments found ;
; ntt_cycles[9]          ; No output delay, min/max delays, false-path exceptions, or max skew assignments found ;
; ntt_cycles[10]         ; No output delay, min/max delays, false-path exceptions, or max skew assignments found ;
; ntt_cycles[11]         ; No output delay, min/max delays, false-path exceptions, or max skew assignments found ;
; ntt_cycles[12]         ; No output delay, min/max delays, false-path exceptions, or max skew assignments found ;
; ntt_cycles[13]         ; No output delay, min/max delays, false-path exceptions, or max skew assignments found ;
; ntt_cycles[14]         ; No output delay, min/max delays, false-path exceptions, or max skew assignments found ;
; ntt_cycles[15]         ; No output delay, min/max delays, false-path exceptions, or max skew assignments found ;
; ntt_cycles[16]         ; No output delay, min/max delays, false-path exceptions, or max skew assignments found ;
; ntt_cycles[17]         ; No output delay, min/max delays, false-path exceptions, or max skew assignments found ;
; ntt_cycles[18]         ; No output delay, min/max delays, false-path exceptions, or max skew assignments found ;
; ntt_cycles[19]         ; No output delay, min/max delays, false-path exceptions, or max skew assignments found ;
; ntt_cycles[20]         ; No output delay, min/max delays, false-path exceptions, or max skew assignments found ;
; ntt_cycles[21]         ; No output delay, min/max delays, false-path exceptions, or max skew assignments found ;
; ntt_cycles[22]         ; No output delay, min/max delays, false-path exceptions, or max skew assignments found ;
; ntt_cycles[23]         ; No output delay, min/max delays, false-path exceptions, or max skew assignments found ;
; ntt_cycles[24]         ; No output delay, min/max delays, false-path exceptions, or max skew assignments found ;
; ntt_cycles[25]         ; No output delay, min/max delays, false-path exceptions, or max skew assignments found ;
; ntt_cycles[26]         ; No output delay, min/max delays, false-path exceptions, or max skew assignments found ;
; ntt_cycles[27]         ; No output delay, min/max delays, false-path exceptions, or max skew assignments found ;
; ntt_cycles[28]         ; No output delay, min/max delays, false-path exceptions, or max skew assignments found ;
; ntt_cycles[29]         ; No output delay, min/max delays, false-path exceptions, or max skew assignments found ;
; ntt_cycles[30]         ; No output delay, min/max delays, false-path exceptions, or max skew assignments found ;
; ntt_cycles[31]         ; No output delay, min/max delays, false-path exceptions, or max skew assignments found ;
; ntt_cycles[32]         ; No output delay, min/max delays, false-path exceptions, or max skew assignments found ;
; ntt_cycles[33]         ; No output delay, min/max delays, false-path exceptions, or max skew assignments found ;
; ntt_cycles[34]         ; No output delay, min/max delays, false-path exceptions, or max skew assignments found ;
; ntt_cycles[35]         ; No output delay, min/max delays, false-path exceptions, or max skew assignments found ;
; ntt_cycles[36]         ; No output delay, min/max delays, false-path exceptions, or max skew assignments found ;
; ntt_cycles[37]         ; No output delay, min/max delays, false-path exceptions, or max skew assignments found ;
; ntt_cycles[38]         ; No output delay, min/max delays, false-path exceptions, or max skew assignments found ;
; ntt_cycles[39]         ; No output delay, min/max delays, false-path exceptions, or max skew assignments found ;
; ntt_cycles[40]         ; No output delay, min/max delays, false-path exceptions, or max skew assignments found ;
; ntt_cycles[41]         ; No output delay, min/max delays, false-path exceptions, or max skew assignments found ;
; ntt_cycles[42]         ; No output delay, min/max delays, false-path exceptions, or max skew assignments found ;
; ntt_cycles[43]         ; No output delay, min/max delays, false-path exceptions, or max skew assignments found ;
; ntt_cycles[44]         ; No output delay, min/max delays, false-path exceptions, or max skew assignments found ;
; ntt_cycles[45]         ; No output delay, min/max delays, false-path exceptions, or max skew assignments found ;
; ntt_cycles[46]         ; No output delay, min/max delays, false-path exceptions, or max skew assignments found ;
; ntt_cycles[47]         ; No output delay, min/max delays, false-path exceptions, or max skew assignments found ;
; ntt_cycles[48]         ; No output delay, min/max delays, false-path exceptions, or max skew assignments found ;
; ntt_cycles[49]         ; No output delay, min/max delays, false-path exceptions, or max skew assignments found ;
; ntt_cycles[50]         ; No output delay, min/max delays, false-path exceptions, or max skew assignments found ;
; ntt_cycles[51]         ; No output delay, min/max delays, false-path exceptions, or max skew assignments found ;
; ntt_cycles[52]         ; No output delay, min/max delays, false-path exceptions, or max skew assignments found ;
; ntt_cycles[53]         ; No output delay, min/max delays, false-path exceptions, or max skew assignments found ;
; ntt_cycles[54]         ; No output delay, min/max delays, false-path exceptions, or max skew assignments found ;
; ntt_cycles[55]         ; No output delay, min/max delays, false-path exceptions, or max skew assignments found ;
; ntt_cycles[56]         ; No output delay, min/max delays, false-path exceptions, or max skew assignments found ;
; ntt_cycles[57]         ; No output delay, min/max delays, false-path exceptions, or max skew assignments found ;
; ntt_cycles[58]         ; No output delay, min/max delays, false-path exceptions, or max skew assignments found ;
; ntt_cycles[59]         ; No output delay, min/max delays, false-path exceptions, or max skew assignments found ;
; ntt_cycles[60]         ; No output delay, min/max delays, false-path exceptions, or max skew assignments found ;
; ntt_cycles[61]         ; No output delay, min/max delays, false-path exceptions, or max skew assignments found ;
; ntt_cycles[62]         ; No output delay, min/max delays, false-path exceptions, or max skew assignments found ;
; ntt_cycles[63]         ; No output delay, min/max delays, false-path exceptions, or max skew assignments found ;
; carry_cycles[0]        ; No output delay, min/max delays, false-path exceptions, or max skew assignments found ;
; carry_cycles[1]        ; No output delay, min/max delays, false-path exceptions, or max skew assignments found ;
; carry_cycles[2]        ; No output delay, min/max delays, false-path exceptions, or max skew assignments found ;
; carry_cycles[3]        ; No output delay, min/max delays, false-path exceptions, or max skew assignments found ;
; carry_cycles[4]        ; No output delay, min/max delays, false-path exceptions, or max skew assignments found ;
; carry_cycles[5]        ; No output delay, min/max delays, false-path exceptions, or max skew assignments found ;
; carry_cycles[6]        ; No output delay, min/max delays, false-path exceptions, or max skew assignments found ;
; carry_cycles[7]        ; No output delay, min/max delays, false-path exceptions, or max skew assignments found ;
; carry_cycles[8]        ; No output delay, min/max delays, false-path exceptions, or max skew assignments found ;
; carry_cycles[9]        ; No output delay, min/max delays, false-path exceptions, or max skew assignments found ;
; carry_cycles[10]       ; No output delay, min/max delays, false-path exceptions, or max skew assignments found ;
; carry_cycles[11]       ; No output delay, min/max delays, false-path exceptions, or max skew assignments found ;
; carry_cycles[12]       ; No output delay, min/max delays, false-path exceptions, or max skew assignments found ;
; carry_cycles[13]       ; No output delay, min/max delays, false-path exceptions, or max skew assignments found ;
; carry_cycles[14]       ; No output delay, min/max delays, false-path exceptions, or max skew assignments found ;
; carry_cycles[15]       ; No output delay, min/max delays, false-path exceptions, or max skew assignments found ;
; carry_cycles[16]       ; No output delay, min/max delays, false-path exceptions, or max skew assignments found ;
; carry_cycles[17]       ; No output delay, min/max delays, false-path exceptions, or max skew assignments found ;
; carry_cycles[18]       ; No output delay, min/max delays, false-path exceptions, or max skew assignments found ;
; carry_cycles[19]       ; No output delay, min/max delays, false-path exceptions, or max skew assignments found ;
; carry_cycles[20]       ; No output delay, min/max delays, false-path exceptions, or max skew assignments found ;
; carry_cycles[21]       ; No output delay, min/max delays, false-path exceptions, or max skew assignments found ;
; carry_cycles[22]       ; No output delay, min/max delays, false-path exceptions, or max skew assignments found ;
; carry_cycles[23]       ; No output delay, min/max delays, false-path exceptions, or max skew assignments found ;
; carry_cycles[24]       ; No output delay, min/max delays, false-path exceptions, or max skew assignments found ;
; carry_cycles[25]       ; No output delay, min/max delays, false-path exceptions, or max skew assignments found ;
; carry_cycles[26]       ; No output delay, min/max delays, false-path exceptions, or max skew assignments found ;
; carry_cycles[27]       ; No output delay, min/max delays, false-path exceptions, or max skew assignments found ;
; carry_cycles[28]       ; No output delay, min/max delays, false-path exceptions, or max skew assignments found ;
; carry_cycles[29]       ; No output delay, min/max delays, false-path exceptions, or max skew assignments found ;
; carry_cycles[30]       ; No output delay, min/max delays, false-path exceptions, or max skew assignments found ;
; carry_cycles[31]       ; No output delay, min/max delays, false-path exceptions, or max skew assignments found ;
; carry_cycles[32]       ; No output delay, min/max delays, false-path exceptions, or max skew assignments found ;
; carry_cycles[33]       ; No output delay, min/max delays, false-path exceptions, or max skew assignments found ;
; carry_cycles[34]       ; No output delay, min/max delays, false-path exceptions, or max skew assignments found ;
; carry_cycles[35]       ; No output delay, min/max delays, false-path exceptions, or max skew assignments found ;
; carry_cycles[36]       ; No output delay, min/max delays, false-path exceptions, or max skew assignments found ;
; carry_cycles[37]       ; No output delay, min/max delays, false-path exceptions, or max skew assignments found ;
; carry_cycles[38]       ; No output delay, min/max delays, false-path exceptions, or max skew assignments found ;
; carry_cycles[39]       ; No output delay, min/max delays, false-path exceptions, or max skew assignments found ;
; carry_cycles[40]       ; No output delay, min/max delays, false-path exceptions, or max skew assignments found ;
; carry_cycles[41]       ; No output delay, min/max delays, false-path exceptions, or max skew assignments found ;
; carry_cycles[42]       ; No output delay, min/max delays, false-path exceptions, or max skew assignments found ;
; carry_cycles[43]       ; No output delay, min/max delays, false-path exceptions, or max skew assignments found ;
; carry_cycles[44]       ; No output delay, min/max delays, false-path exceptions, or max skew assignments found ;
; carry_cycles[45]       ; No output delay, min/max delays, false-path exceptions, or max skew assignments found ;
; carry_cycles[46]       ; No output delay, min/max delays, false-path exceptions, or max skew assignments found ;
; carry_cycles[47]       ; No output delay, min/max delays, false-path exceptions, or max skew assignments found ;
; carry_cycles[48]       ; No output delay, min/max delays, false-path exceptions, or max skew assignments found ;
; carry_cycles[49]       ; No output delay, min/max delays, false-path exceptions, or max skew assignments found ;
; carry_cycles[50]       ; No output delay, min/max delays, false-path exceptions, or max skew assignments found ;
; carry_cycles[51]       ; No output delay, min/max delays, false-path exceptions, or max skew assignments found ;
; carry_cycles[52]       ; No output delay, min/max delays, false-path exceptions, or max skew assignments found ;
; carry_cycles[53]       ; No output delay, min/max delays, false-path exceptions, or max skew assignments found ;
; carry_cycles[54]       ; No output delay, min/max delays, false-path exceptions, or max skew assignments found ;
; carry_cycles[55]       ; No output delay, min/max delays, false-path exceptions, or max skew assignments found ;
; carry_cycles[56]       ; No output delay, min/max delays, false-path exceptions, or max skew assignments found ;
; carry_cycles[57]       ; No output delay, min/max delays, false-path exceptions, or max skew assignments found ;
; carry_cycles[58]       ; No output delay, min/max delays, false-path exceptions, or max skew assignments found ;
; carry_cycles[59]       ; No output delay, min/max delays, false-path exceptions, or max skew assignments found ;
; carry_cycles[60]       ; No output delay, min/max delays, false-path exceptions, or max skew assignments found ;
; carry_cycles[61]       ; No output delay, min/max delays, false-path exceptions, or max skew assignments found ;
; carry_cycles[62]       ; No output delay, min/max delays, false-path exceptions, or max skew assignments found ;
; carry_cycles[63]       ; No output delay, min/max delays, false-path exceptions, or max skew assignments found ;
; carry_passes[2]        ; No output delay, min/max delays, false-path exceptions, or max skew assignments found ;
; profile_cache_valid    ; No output delay, min/max delays, false-path exceptions, or max skew assignments found ;
; profile_loads          ; No output delay, min/max delays, false-path exceptions, or max skew assignments found ;
; profile_hits           ; No output delay, min/max delays, false-path exceptions, or max skew assignments found ;
; seed_setup_cycles[0]   ; No output delay, min/max delays, false-path exceptions, or max skew assignments found ;
; seed_setup_cycles[1]   ; No output delay, min/max delays, false-path exceptions, or max skew assignments found ;
; seed_setup_cycles[2]   ; No output delay, min/max delays, false-path exceptions, or max skew assignments found ;
; seed_setup_cycles[3]   ; No output delay, min/max delays, false-path exceptions, or max skew assignments found ;
; seed_setup_cycles[4]   ; No output delay, min/max delays, false-path exceptions, or max skew assignments found ;
; seed_setup_cycles[5]   ; No output delay, min/max delays, false-path exceptions, or max skew assignments found ;
; seed_setup_cycles[6]   ; No output delay, min/max delays, false-path exceptions, or max skew assignments found ;
; seed_setup_cycles[7]   ; No output delay, min/max delays, false-path exceptions, or max skew assignments found ;
; seed_setup_cycles[8]   ; No output delay, min/max delays, false-path exceptions, or max skew assignments found ;
; seed_setup_cycles[9]   ; No output delay, min/max delays, false-path exceptions, or max skew assignments found ;
; seed_setup_cycles[10]  ; No output delay, min/max delays, false-path exceptions, or max skew assignments found ;
; seed_setup_cycles[11]  ; No output delay, min/max delays, false-path exceptions, or max skew assignments found ;
; seed_setup_cycles[12]  ; No output delay, min/max delays, false-path exceptions, or max skew assignments found ;
; seed_setup_cycles[13]  ; No output delay, min/max delays, false-path exceptions, or max skew assignments found ;
; seed_setup_cycles[14]  ; No output delay, min/max delays, false-path exceptions, or max skew assignments found ;
; seed_setup_cycles[15]  ; No output delay, min/max delays, false-path exceptions, or max skew assignments found ;
; seed_setup_cycles[16]  ; No output delay, min/max delays, false-path exceptions, or max skew assignments found ;
; seed_setup_cycles[17]  ; No output delay, min/max delays, false-path exceptions, or max skew assignments found ;
; seed_setup_cycles[18]  ; No output delay, min/max delays, false-path exceptions, or max skew assignments found ;
; seed_setup_cycles[19]  ; No output delay, min/max delays, false-path exceptions, or max skew assignments found ;
; seed_setup_cycles[20]  ; No output delay, min/max delays, false-path exceptions, or max skew assignments found ;
; seed_setup_cycles[21]  ; No output delay, min/max delays, false-path exceptions, or max skew assignments found ;
; seed_setup_cycles[22]  ; No output delay, min/max delays, false-path exceptions, or max skew assignments found ;
; seed_setup_cycles[23]  ; No output delay, min/max delays, false-path exceptions, or max skew assignments found ;
; seed_setup_cycles[24]  ; No output delay, min/max delays, false-path exceptions, or max skew assignments found ;
; seed_setup_cycles[25]  ; No output delay, min/max delays, false-path exceptions, or max skew assignments found ;
; seed_setup_cycles[26]  ; No output delay, min/max delays, false-path exceptions, or max skew assignments found ;
; seed_setup_cycles[27]  ; No output delay, min/max delays, false-path exceptions, or max skew assignments found ;
; seed_setup_cycles[28]  ; No output delay, min/max delays, false-path exceptions, or max skew assignments found ;
; seed_setup_cycles[29]  ; No output delay, min/max delays, false-path exceptions, or max skew assignments found ;
; seed_setup_cycles[30]  ; No output delay, min/max delays, false-path exceptions, or max skew assignments found ;
; seed_setup_cycles[31]  ; No output delay, min/max delays, false-path exceptions, or max skew assignments found ;
; seed_setup_cycles[32]  ; No output delay, min/max delays, false-path exceptions, or max skew assignments found ;
; seed_setup_cycles[33]  ; No output delay, min/max delays, false-path exceptions, or max skew assignments found ;
; seed_setup_cycles[34]  ; No output delay, min/max delays, false-path exceptions, or max skew assignments found ;
; seed_setup_cycles[35]  ; No output delay, min/max delays, false-path exceptions, or max skew assignments found ;
; seed_setup_cycles[36]  ; No output delay, min/max delays, false-path exceptions, or max skew assignments found ;
; seed_setup_cycles[37]  ; No output delay, min/max delays, false-path exceptions, or max skew assignments found ;
; seed_setup_cycles[38]  ; No output delay, min/max delays, false-path exceptions, or max skew assignments found ;
; seed_setup_cycles[39]  ; No output delay, min/max delays, false-path exceptions, or max skew assignments found ;
; seed_setup_cycles[40]  ; No output delay, min/max delays, false-path exceptions, or max skew assignments found ;
; seed_setup_cycles[41]  ; No output delay, min/max delays, false-path exceptions, or max skew assignments found ;
; seed_setup_cycles[42]  ; No output delay, min/max delays, false-path exceptions, or max skew assignments found ;
; seed_setup_cycles[43]  ; No output delay, min/max delays, false-path exceptions, or max skew assignments found ;
; seed_setup_cycles[44]  ; No output delay, min/max delays, false-path exceptions, or max skew assignments found ;
; seed_setup_cycles[45]  ; No output delay, min/max delays, false-path exceptions, or max skew assignments found ;
; seed_setup_cycles[46]  ; No output delay, min/max delays, false-path exceptions, or max skew assignments found ;
; seed_setup_cycles[47]  ; No output delay, min/max delays, false-path exceptions, or max skew assignments found ;
; seed_setup_cycles[48]  ; No output delay, min/max delays, false-path exceptions, or max skew assignments found ;
; seed_setup_cycles[49]  ; No output delay, min/max delays, false-path exceptions, or max skew assignments found ;
; seed_setup_cycles[50]  ; No output delay, min/max delays, false-path exceptions, or max skew assignments found ;
; seed_setup_cycles[51]  ; No output delay, min/max delays, false-path exceptions, or max skew assignments found ;
; seed_setup_cycles[52]  ; No output delay, min/max delays, false-path exceptions, or max skew assignments found ;
; seed_setup_cycles[53]  ; No output delay, min/max delays, false-path exceptions, or max skew assignments found ;
; seed_setup_cycles[54]  ; No output delay, min/max delays, false-path exceptions, or max skew assignments found ;
; seed_setup_cycles[55]  ; No output delay, min/max delays, false-path exceptions, or max skew assignments found ;
; seed_setup_cycles[56]  ; No output delay, min/max delays, false-path exceptions, or max skew assignments found ;
; seed_setup_cycles[57]  ; No output delay, min/max delays, false-path exceptions, or max skew assignments found ;
; seed_setup_cycles[58]  ; No output delay, min/max delays, false-path exceptions, or max skew assignments found ;
; seed_setup_cycles[59]  ; No output delay, min/max delays, false-path exceptions, or max skew assignments found ;
; seed_setup_cycles[60]  ; No output delay, min/max delays, false-path exceptions, or max skew assignments found ;
; seed_setup_cycles[61]  ; No output delay, min/max delays, false-path exceptions, or max skew assignments found ;
; seed_setup_cycles[62]  ; No output delay, min/max delays, false-path exceptions, or max skew assignments found ;
; seed_setup_cycles[63]  ; No output delay, min/max delays, false-path exceptions, or max skew assignments found ;
; warm_done              ; No output delay, min/max delays, false-path exceptions, or max skew assignments found ;
; completed_squares[0]   ; No output delay, min/max delays, false-path exceptions, or max skew assignments found ;
; completed_squares[1]   ; No output delay, min/max delays, false-path exceptions, or max skew assignments found ;
; completed_squares[2]   ; No output delay, min/max delays, false-path exceptions, or max skew assignments found ;
; completed_squares[3]   ; No output delay, min/max delays, false-path exceptions, or max skew assignments found ;
; completed_squares[4]   ; No output delay, min/max delays, false-path exceptions, or max skew assignments found ;
; completed_squares[5]   ; No output delay, min/max delays, false-path exceptions, or max skew assignments found ;
; completed_squares[6]   ; No output delay, min/max delays, false-path exceptions, or max skew assignments found ;
; completed_squares[7]   ; No output delay, min/max delays, false-path exceptions, or max skew assignments found ;
; completed_squares[8]   ; No output delay, min/max delays, false-path exceptions, or max skew assignments found ;
; completed_squares[9]   ; No output delay, min/max delays, false-path exceptions, or max skew assignments found ;
; completed_squares[10]  ; No output delay, min/max delays, false-path exceptions, or max skew assignments found ;
; completed_squares[11]  ; No output delay, min/max delays, false-path exceptions, or max skew assignments found ;
; completed_squares[12]  ; No output delay, min/max delays, false-path exceptions, or max skew assignments found ;
; completed_squares[13]  ; No output delay, min/max delays, false-path exceptions, or max skew assignments found ;
; completed_squares[14]  ; No output delay, min/max delays, false-path exceptions, or max skew assignments found ;
; completed_squares[15]  ; No output delay, min/max delays, false-path exceptions, or max skew assignments found ;
; completed_squares[16]  ; No output delay, min/max delays, false-path exceptions, or max skew assignments found ;
; completed_squares[17]  ; No output delay, min/max delays, false-path exceptions, or max skew assignments found ;
; completed_squares[18]  ; No output delay, min/max delays, false-path exceptions, or max skew assignments found ;
; completed_squares[19]  ; No output delay, min/max delays, false-path exceptions, or max skew assignments found ;
; completed_squares[20]  ; No output delay, min/max delays, false-path exceptions, or max skew assignments found ;
; completed_squares[21]  ; No output delay, min/max delays, false-path exceptions, or max skew assignments found ;
; completed_squares[22]  ; No output delay, min/max delays, false-path exceptions, or max skew assignments found ;
; completed_squares[23]  ; No output delay, min/max delays, false-path exceptions, or max skew assignments found ;
; completed_squares[24]  ; No output delay, min/max delays, false-path exceptions, or max skew assignments found ;
; completed_squares[25]  ; No output delay, min/max delays, false-path exceptions, or max skew assignments found ;
; completed_squares[26]  ; No output delay, min/max delays, false-path exceptions, or max skew assignments found ;
; completed_squares[27]  ; No output delay, min/max delays, false-path exceptions, or max skew assignments found ;
; completed_squares[28]  ; No output delay, min/max delays, false-path exceptions, or max skew assignments found ;
; completed_squares[29]  ; No output delay, min/max delays, false-path exceptions, or max skew assignments found ;
; completed_squares[30]  ; No output delay, min/max delays, false-path exceptions, or max skew assignments found ;
; completed_squares[31]  ; No output delay, min/max delays, false-path exceptions, or max skew assignments found ;
; canonical_cycles[0]    ; No output delay, min/max delays, false-path exceptions, or max skew assignments found ;
; canonical_cycles[1]    ; No output delay, min/max delays, false-path exceptions, or max skew assignments found ;
; canonical_cycles[2]    ; No output delay, min/max delays, false-path exceptions, or max skew assignments found ;
; canonical_cycles[3]    ; No output delay, min/max delays, false-path exceptions, or max skew assignments found ;
; canonical_cycles[4]    ; No output delay, min/max delays, false-path exceptions, or max skew assignments found ;
; canonical_cycles[5]    ; No output delay, min/max delays, false-path exceptions, or max skew assignments found ;
; canonical_cycles[6]    ; No output delay, min/max delays, false-path exceptions, or max skew assignments found ;
; canonical_cycles[7]    ; No output delay, min/max delays, false-path exceptions, or max skew assignments found ;
; canonical_cycles[8]    ; No output delay, min/max delays, false-path exceptions, or max skew assignments found ;
; canonical_cycles[9]    ; No output delay, min/max delays, false-path exceptions, or max skew assignments found ;
; canonical_cycles[10]   ; No output delay, min/max delays, false-path exceptions, or max skew assignments found ;
; canonical_cycles[11]   ; No output delay, min/max delays, false-path exceptions, or max skew assignments found ;
; canonical_cycles[12]   ; No output delay, min/max delays, false-path exceptions, or max skew assignments found ;
; canonical_cycles[13]   ; No output delay, min/max delays, false-path exceptions, or max skew assignments found ;
; canonical_cycles[14]   ; No output delay, min/max delays, false-path exceptions, or max skew assignments found ;
; canonical_cycles[15]   ; No output delay, min/max delays, false-path exceptions, or max skew assignments found ;
; canonical_cycles[16]   ; No output delay, min/max delays, false-path exceptions, or max skew assignments found ;
; canonical_cycles[17]   ; No output delay, min/max delays, false-path exceptions, or max skew assignments found ;
; canonical_cycles[18]   ; No output delay, min/max delays, false-path exceptions, or max skew assignments found ;
; canonical_cycles[19]   ; No output delay, min/max delays, false-path exceptions, or max skew assignments found ;
; canonical_cycles[20]   ; No output delay, min/max delays, false-path exceptions, or max skew assignments found ;
; canonical_cycles[21]   ; No output delay, min/max delays, false-path exceptions, or max skew assignments found ;
; canonical_cycles[22]   ; No output delay, min/max delays, false-path exceptions, or max skew assignments found ;
; canonical_cycles[23]   ; No output delay, min/max delays, false-path exceptions, or max skew assignments found ;
; canonical_cycles[24]   ; No output delay, min/max delays, false-path exceptions, or max skew assignments found ;
; canonical_cycles[25]   ; No output delay, min/max delays, false-path exceptions, or max skew assignments found ;
; canonical_cycles[26]   ; No output delay, min/max delays, false-path exceptions, or max skew assignments found ;
; canonical_cycles[27]   ; No output delay, min/max delays, false-path exceptions, or max skew assignments found ;
; canonical_cycles[28]   ; No output delay, min/max delays, false-path exceptions, or max skew assignments found ;
; canonical_cycles[29]   ; No output delay, min/max delays, false-path exceptions, or max skew assignments found ;
; canonical_cycles[30]   ; No output delay, min/max delays, false-path exceptions, or max skew assignments found ;
; canonical_cycles[31]   ; No output delay, min/max delays, false-path exceptions, or max skew assignments found ;
; canonical_cycles[32]   ; No output delay, min/max delays, false-path exceptions, or max skew assignments found ;
; canonical_cycles[33]   ; No output delay, min/max delays, false-path exceptions, or max skew assignments found ;
; canonical_cycles[34]   ; No output delay, min/max delays, false-path exceptions, or max skew assignments found ;
; canonical_cycles[35]   ; No output delay, min/max delays, false-path exceptions, or max skew assignments found ;
; canonical_cycles[36]   ; No output delay, min/max delays, false-path exceptions, or max skew assignments found ;
; canonical_cycles[37]   ; No output delay, min/max delays, false-path exceptions, or max skew assignments found ;
; canonical_cycles[38]   ; No output delay, min/max delays, false-path exceptions, or max skew assignments found ;
; canonical_cycles[39]   ; No output delay, min/max delays, false-path exceptions, or max skew assignments found ;
; canonical_cycles[40]   ; No output delay, min/max delays, false-path exceptions, or max skew assignments found ;
; canonical_cycles[41]   ; No output delay, min/max delays, false-path exceptions, or max skew assignments found ;
; canonical_cycles[42]   ; No output delay, min/max delays, false-path exceptions, or max skew assignments found ;
; canonical_cycles[43]   ; No output delay, min/max delays, false-path exceptions, or max skew assignments found ;
; canonical_cycles[44]   ; No output delay, min/max delays, false-path exceptions, or max skew assignments found ;
; canonical_cycles[45]   ; No output delay, min/max delays, false-path exceptions, or max skew assignments found ;
; canonical_cycles[46]   ; No output delay, min/max delays, false-path exceptions, or max skew assignments found ;
; canonical_cycles[47]   ; No output delay, min/max delays, false-path exceptions, or max skew assignments found ;
; canonical_cycles[48]   ; No output delay, min/max delays, false-path exceptions, or max skew assignments found ;
; canonical_cycles[49]   ; No output delay, min/max delays, false-path exceptions, or max skew assignments found ;
; canonical_cycles[50]   ; No output delay, min/max delays, false-path exceptions, or max skew assignments found ;
; canonical_cycles[51]   ; No output delay, min/max delays, false-path exceptions, or max skew assignments found ;
; canonical_cycles[52]   ; No output delay, min/max delays, false-path exceptions, or max skew assignments found ;
; canonical_cycles[53]   ; No output delay, min/max delays, false-path exceptions, or max skew assignments found ;
; canonical_cycles[54]   ; No output delay, min/max delays, false-path exceptions, or max skew assignments found ;
; canonical_cycles[55]   ; No output delay, min/max delays, false-path exceptions, or max skew assignments found ;
; canonical_cycles[56]   ; No output delay, min/max delays, false-path exceptions, or max skew assignments found ;
; canonical_cycles[57]   ; No output delay, min/max delays, false-path exceptions, or max skew assignments found ;
; canonical_cycles[58]   ; No output delay, min/max delays, false-path exceptions, or max skew assignments found ;
; canonical_cycles[59]   ; No output delay, min/max delays, false-path exceptions, or max skew assignments found ;
; canonical_cycles[60]   ; No output delay, min/max delays, false-path exceptions, or max skew assignments found ;
; canonical_cycles[61]   ; No output delay, min/max delays, false-path exceptions, or max skew assignments found ;
; canonical_cycles[62]   ; No output delay, min/max delays, false-path exceptions, or max skew assignments found ;
; canonical_cycles[63]   ; No output delay, min/max delays, false-path exceptions, or max skew assignments found ;
; image_copy_cycles[0]   ; No output delay, min/max delays, false-path exceptions, or max skew assignments found ;
; image_copy_cycles[1]   ; No output delay, min/max delays, false-path exceptions, or max skew assignments found ;
; image_copy_cycles[2]   ; No output delay, min/max delays, false-path exceptions, or max skew assignments found ;
; image_copy_cycles[3]   ; No output delay, min/max delays, false-path exceptions, or max skew assignments found ;
; image_copy_cycles[4]   ; No output delay, min/max delays, false-path exceptions, or max skew assignments found ;
; image_copy_cycles[5]   ; No output delay, min/max delays, false-path exceptions, or max skew assignments found ;
; image_copy_cycles[6]   ; No output delay, min/max delays, false-path exceptions, or max skew assignments found ;
; image_copy_cycles[7]   ; No output delay, min/max delays, false-path exceptions, or max skew assignments found ;
; image_copy_cycles[8]   ; No output delay, min/max delays, false-path exceptions, or max skew assignments found ;
; image_copy_cycles[9]   ; No output delay, min/max delays, false-path exceptions, or max skew assignments found ;
; image_copy_cycles[10]  ; No output delay, min/max delays, false-path exceptions, or max skew assignments found ;
; image_copy_cycles[11]  ; No output delay, min/max delays, false-path exceptions, or max skew assignments found ;
; image_copy_cycles[12]  ; No output delay, min/max delays, false-path exceptions, or max skew assignments found ;
; image_copy_cycles[13]  ; No output delay, min/max delays, false-path exceptions, or max skew assignments found ;
; image_copy_cycles[14]  ; No output delay, min/max delays, false-path exceptions, or max skew assignments found ;
; image_copy_cycles[15]  ; No output delay, min/max delays, false-path exceptions, or max skew assignments found ;
; image_copy_cycles[16]  ; No output delay, min/max delays, false-path exceptions, or max skew assignments found ;
; image_copy_cycles[17]  ; No output delay, min/max delays, false-path exceptions, or max skew assignments found ;
; image_copy_cycles[18]  ; No output delay, min/max delays, false-path exceptions, or max skew assignments found ;
; image_copy_cycles[19]  ; No output delay, min/max delays, false-path exceptions, or max skew assignments found ;
; image_copy_cycles[20]  ; No output delay, min/max delays, false-path exceptions, or max skew assignments found ;
; image_copy_cycles[21]  ; No output delay, min/max delays, false-path exceptions, or max skew assignments found ;
; image_copy_cycles[22]  ; No output delay, min/max delays, false-path exceptions, or max skew assignments found ;
; image_copy_cycles[23]  ; No output delay, min/max delays, false-path exceptions, or max skew assignments found ;
; image_copy_cycles[24]  ; No output delay, min/max delays, false-path exceptions, or max skew assignments found ;
; image_copy_cycles[25]  ; No output delay, min/max delays, false-path exceptions, or max skew assignments found ;
; image_copy_cycles[26]  ; No output delay, min/max delays, false-path exceptions, or max skew assignments found ;
; image_copy_cycles[27]  ; No output delay, min/max delays, false-path exceptions, or max skew assignments found ;
; image_copy_cycles[28]  ; No output delay, min/max delays, false-path exceptions, or max skew assignments found ;
; image_copy_cycles[29]  ; No output delay, min/max delays, false-path exceptions, or max skew assignments found ;
; image_copy_cycles[30]  ; No output delay, min/max delays, false-path exceptions, or max skew assignments found ;
; image_copy_cycles[31]  ; No output delay, min/max delays, false-path exceptions, or max skew assignments found ;
; image_copy_cycles[32]  ; No output delay, min/max delays, false-path exceptions, or max skew assignments found ;
; image_copy_cycles[33]  ; No output delay, min/max delays, false-path exceptions, or max skew assignments found ;
; image_copy_cycles[34]  ; No output delay, min/max delays, false-path exceptions, or max skew assignments found ;
; image_copy_cycles[35]  ; No output delay, min/max delays, false-path exceptions, or max skew assignments found ;
; image_copy_cycles[36]  ; No output delay, min/max delays, false-path exceptions, or max skew assignments found ;
; image_copy_cycles[37]  ; No output delay, min/max delays, false-path exceptions, or max skew assignments found ;
; image_copy_cycles[38]  ; No output delay, min/max delays, false-path exceptions, or max skew assignments found ;
; image_copy_cycles[39]  ; No output delay, min/max delays, false-path exceptions, or max skew assignments found ;
; image_copy_cycles[40]  ; No output delay, min/max delays, false-path exceptions, or max skew assignments found ;
; image_copy_cycles[41]  ; No output delay, min/max delays, false-path exceptions, or max skew assignments found ;
; image_copy_cycles[42]  ; No output delay, min/max delays, false-path exceptions, or max skew assignments found ;
; image_copy_cycles[43]  ; No output delay, min/max delays, false-path exceptions, or max skew assignments found ;
; image_copy_cycles[44]  ; No output delay, min/max delays, false-path exceptions, or max skew assignments found ;
; image_copy_cycles[45]  ; No output delay, min/max delays, false-path exceptions, or max skew assignments found ;
; image_copy_cycles[46]  ; No output delay, min/max delays, false-path exceptions, or max skew assignments found ;
; image_copy_cycles[47]  ; No output delay, min/max delays, false-path exceptions, or max skew assignments found ;
; image_copy_cycles[48]  ; No output delay, min/max delays, false-path exceptions, or max skew assignments found ;
; image_copy_cycles[49]  ; No output delay, min/max delays, false-path exceptions, or max skew assignments found ;
; image_copy_cycles[50]  ; No output delay, min/max delays, false-path exceptions, or max skew assignments found ;
; image_copy_cycles[51]  ; No output delay, min/max delays, false-path exceptions, or max skew assignments found ;
; image_copy_cycles[52]  ; No output delay, min/max delays, false-path exceptions, or max skew assignments found ;
; image_copy_cycles[53]  ; No output delay, min/max delays, false-path exceptions, or max skew assignments found ;
; image_copy_cycles[54]  ; No output delay, min/max delays, false-path exceptions, or max skew assignments found ;
; image_copy_cycles[55]  ; No output delay, min/max delays, false-path exceptions, or max skew assignments found ;
; image_copy_cycles[56]  ; No output delay, min/max delays, false-path exceptions, or max skew assignments found ;
; image_copy_cycles[57]  ; No output delay, min/max delays, false-path exceptions, or max skew assignments found ;
; image_copy_cycles[58]  ; No output delay, min/max delays, false-path exceptions, or max skew assignments found ;
; image_copy_cycles[59]  ; No output delay, min/max delays, false-path exceptions, or max skew assignments found ;
; image_copy_cycles[60]  ; No output delay, min/max delays, false-path exceptions, or max skew assignments found ;
; image_copy_cycles[61]  ; No output delay, min/max delays, false-path exceptions, or max skew assignments found ;
; image_copy_cycles[62]  ; No output delay, min/max delays, false-path exceptions, or max skew assignments found ;
; image_copy_cycles[63]  ; No output delay, min/max delays, false-path exceptions, or max skew assignments found ;
; command_ready          ; No output delay, min/max delays, false-path exceptions, or max skew assignments found ;
; command_accept         ; No output delay, min/max delays, false-path exceptions, or max skew assignments found ;
; operation_accept       ; No output delay, min/max delays, false-path exceptions, or max skew assignments found ;
; accepted_generation[0] ; No output delay, min/max delays, false-path exceptions, or max skew assignments found ;
; accepted_generation[1] ; No output delay, min/max delays, false-path exceptions, or max skew assignments found ;
; accepted_generation[2] ; No output delay, min/max delays, false-path exceptions, or max skew assignments found ;
; accepted_generation[3] ; No output delay, min/max delays, false-path exceptions, or max skew assignments found ;
; accepted_generation[4] ; No output delay, min/max delays, false-path exceptions, or max skew assignments found ;
; accepted_generation[5] ; No output delay, min/max delays, false-path exceptions, or max skew assignments found ;
; accepted_generation[6] ; No output delay, min/max delays, false-path exceptions, or max skew assignments found ;
; accepted_generation[7] ; No output delay, min/max delays, false-path exceptions, or max skew assignments found ;
; feed_level[0]          ; No output delay, min/max delays, false-path exceptions, or max skew assignments found ;
; feed_level[1]          ; No output delay, min/max delays, false-path exceptions, or max skew assignments found ;
; feed_level[2]          ; No output delay, min/max delays, false-path exceptions, or max skew assignments found ;
; operations_started[0]  ; No output delay, min/max delays, false-path exceptions, or max skew assignments found ;
; operations_started[1]  ; No output delay, min/max delays, false-path exceptions, or max skew assignments found ;
; operations_started[2]  ; No output delay, min/max delays, false-path exceptions, or max skew assignments found ;
; operations_started[3]  ; No output delay, min/max delays, false-path exceptions, or max skew assignments found ;
; operations_started[4]  ; No output delay, min/max delays, false-path exceptions, or max skew assignments found ;
; operations_started[5]  ; No output delay, min/max delays, false-path exceptions, or max skew assignments found ;
; operations_started[6]  ; No output delay, min/max delays, false-path exceptions, or max skew assignments found ;
; operations_started[7]  ; No output delay, min/max delays, false-path exceptions, or max skew assignments found ;
; operations_started[8]  ; No output delay, min/max delays, false-path exceptions, or max skew assignments found ;
; operations_started[9]  ; No output delay, min/max delays, false-path exceptions, or max skew assignments found ;
; operations_started[10] ; No output delay, min/max delays, false-path exceptions, or max skew assignments found ;
; operations_started[11] ; No output delay, min/max delays, false-path exceptions, or max skew assignments found ;
; operations_started[12] ; No output delay, min/max delays, false-path exceptions, or max skew assignments found ;
; operations_started[13] ; No output delay, min/max delays, false-path exceptions, or max skew assignments found ;
; operations_started[14] ; No output delay, min/max delays, false-path exceptions, or max skew assignments found ;
; operations_started[15] ; No output delay, min/max delays, false-path exceptions, or max skew assignments found ;
; operations_started[16] ; No output delay, min/max delays, false-path exceptions, or max skew assignments found ;
; operations_started[17] ; No output delay, min/max delays, false-path exceptions, or max skew assignments found ;
; operations_started[18] ; No output delay, min/max delays, false-path exceptions, or max skew assignments found ;
; operations_started[19] ; No output delay, min/max delays, false-path exceptions, or max skew assignments found ;
; operations_started[20] ; No output delay, min/max delays, false-path exceptions, or max skew assignments found ;
; operations_started[21] ; No output delay, min/max delays, false-path exceptions, or max skew assignments found ;
; operations_started[22] ; No output delay, min/max delays, false-path exceptions, or max skew assignments found ;
; operations_started[23] ; No output delay, min/max delays, false-path exceptions, or max skew assignments found ;
; operations_started[24] ; No output delay, min/max delays, false-path exceptions, or max skew assignments found ;
; operations_started[25] ; No output delay, min/max delays, false-path exceptions, or max skew assignments found ;
; operations_started[26] ; No output delay, min/max delays, false-path exceptions, or max skew assignments found ;
; operations_started[27] ; No output delay, min/max delays, false-path exceptions, or max skew assignments found ;
; operations_started[28] ; No output delay, min/max delays, false-path exceptions, or max skew assignments found ;
; operations_started[29] ; No output delay, min/max delays, false-path exceptions, or max skew assignments found ;
; operations_started[30] ; No output delay, min/max delays, false-path exceptions, or max skew assignments found ;
; operations_started[31] ; No output delay, min/max delays, false-path exceptions, or max skew assignments found ;
; commands_enqueued[0]   ; No output delay, min/max delays, false-path exceptions, or max skew assignments found ;
; commands_enqueued[1]   ; No output delay, min/max delays, false-path exceptions, or max skew assignments found ;
; commands_enqueued[2]   ; No output delay, min/max delays, false-path exceptions, or max skew assignments found ;
; commands_enqueued[3]   ; No output delay, min/max delays, false-path exceptions, or max skew assignments found ;
; commands_enqueued[4]   ; No output delay, min/max delays, false-path exceptions, or max skew assignments found ;
; commands_enqueued[5]   ; No output delay, min/max delays, false-path exceptions, or max skew assignments found ;
; commands_enqueued[6]   ; No output delay, min/max delays, false-path exceptions, or max skew assignments found ;
; commands_enqueued[7]   ; No output delay, min/max delays, false-path exceptions, or max skew assignments found ;
; commands_enqueued[8]   ; No output delay, min/max delays, false-path exceptions, or max skew assignments found ;
; commands_enqueued[9]   ; No output delay, min/max delays, false-path exceptions, or max skew assignments found ;
; commands_enqueued[10]  ; No output delay, min/max delays, false-path exceptions, or max skew assignments found ;
; commands_enqueued[11]  ; No output delay, min/max delays, false-path exceptions, or max skew assignments found ;
; commands_enqueued[12]  ; No output delay, min/max delays, false-path exceptions, or max skew assignments found ;
; commands_enqueued[13]  ; No output delay, min/max delays, false-path exceptions, or max skew assignments found ;
; commands_enqueued[14]  ; No output delay, min/max delays, false-path exceptions, or max skew assignments found ;
; commands_enqueued[15]  ; No output delay, min/max delays, false-path exceptions, or max skew assignments found ;
; commands_enqueued[16]  ; No output delay, min/max delays, false-path exceptions, or max skew assignments found ;
; commands_enqueued[17]  ; No output delay, min/max delays, false-path exceptions, or max skew assignments found ;
; commands_enqueued[18]  ; No output delay, min/max delays, false-path exceptions, or max skew assignments found ;
; commands_enqueued[19]  ; No output delay, min/max delays, false-path exceptions, or max skew assignments found ;
; commands_enqueued[20]  ; No output delay, min/max delays, false-path exceptions, or max skew assignments found ;
; commands_enqueued[21]  ; No output delay, min/max delays, false-path exceptions, or max skew assignments found ;
; commands_enqueued[22]  ; No output delay, min/max delays, false-path exceptions, or max skew assignments found ;
; commands_enqueued[23]  ; No output delay, min/max delays, false-path exceptions, or max skew assignments found ;
; commands_enqueued[24]  ; No output delay, min/max delays, false-path exceptions, or max skew assignments found ;
; commands_enqueued[25]  ; No output delay, min/max delays, false-path exceptions, or max skew assignments found ;
; commands_enqueued[26]  ; No output delay, min/max delays, false-path exceptions, or max skew assignments found ;
; commands_enqueued[27]  ; No output delay, min/max delays, false-path exceptions, or max skew assignments found ;
; commands_enqueued[28]  ; No output delay, min/max delays, false-path exceptions, or max skew assignments found ;
; commands_enqueued[29]  ; No output delay, min/max delays, false-path exceptions, or max skew assignments found ;
; commands_enqueued[30]  ; No output delay, min/max delays, false-path exceptions, or max skew assignments found ;
; commands_enqueued[31]  ; No output delay, min/max delays, false-path exceptions, or max skew assignments found ;
; commands_consumed[0]   ; No output delay, min/max delays, false-path exceptions, or max skew assignments found ;
; commands_consumed[1]   ; No output delay, min/max delays, false-path exceptions, or max skew assignments found ;
; commands_consumed[2]   ; No output delay, min/max delays, false-path exceptions, or max skew assignments found ;
; commands_consumed[3]   ; No output delay, min/max delays, false-path exceptions, or max skew assignments found ;
; commands_consumed[4]   ; No output delay, min/max delays, false-path exceptions, or max skew assignments found ;
; commands_consumed[5]   ; No output delay, min/max delays, false-path exceptions, or max skew assignments found ;
; commands_consumed[6]   ; No output delay, min/max delays, false-path exceptions, or max skew assignments found ;
; commands_consumed[7]   ; No output delay, min/max delays, false-path exceptions, or max skew assignments found ;
; commands_consumed[8]   ; No output delay, min/max delays, false-path exceptions, or max skew assignments found ;
; commands_consumed[9]   ; No output delay, min/max delays, false-path exceptions, or max skew assignments found ;
; commands_consumed[10]  ; No output delay, min/max delays, false-path exceptions, or max skew assignments found ;
; commands_consumed[11]  ; No output delay, min/max delays, false-path exceptions, or max skew assignments found ;
; commands_consumed[12]  ; No output delay, min/max delays, false-path exceptions, or max skew assignments found ;
; commands_consumed[13]  ; No output delay, min/max delays, false-path exceptions, or max skew assignments found ;
; commands_consumed[14]  ; No output delay, min/max delays, false-path exceptions, or max skew assignments found ;
; commands_consumed[15]  ; No output delay, min/max delays, false-path exceptions, or max skew assignments found ;
; commands_consumed[16]  ; No output delay, min/max delays, false-path exceptions, or max skew assignments found ;
; commands_consumed[17]  ; No output delay, min/max delays, false-path exceptions, or max skew assignments found ;
; commands_consumed[18]  ; No output delay, min/max delays, false-path exceptions, or max skew assignments found ;
; commands_consumed[19]  ; No output delay, min/max delays, false-path exceptions, or max skew assignments found ;
; commands_consumed[20]  ; No output delay, min/max delays, false-path exceptions, or max skew assignments found ;
; commands_consumed[21]  ; No output delay, min/max delays, false-path exceptions, or max skew assignments found ;
; commands_consumed[22]  ; No output delay, min/max delays, false-path exceptions, or max skew assignments found ;
; commands_consumed[23]  ; No output delay, min/max delays, false-path exceptions, or max skew assignments found ;
; commands_consumed[24]  ; No output delay, min/max delays, false-path exceptions, or max skew assignments found ;
; commands_consumed[25]  ; No output delay, min/max delays, false-path exceptions, or max skew assignments found ;
; commands_consumed[26]  ; No output delay, min/max delays, false-path exceptions, or max skew assignments found ;
; commands_consumed[27]  ; No output delay, min/max delays, false-path exceptions, or max skew assignments found ;
; commands_consumed[28]  ; No output delay, min/max delays, false-path exceptions, or max skew assignments found ;
; commands_consumed[29]  ; No output delay, min/max delays, false-path exceptions, or max skew assignments found ;
; commands_consumed[30]  ; No output delay, min/max delays, false-path exceptions, or max skew assignments found ;
; commands_consumed[31]  ; No output delay, min/max delays, false-path exceptions, or max skew assignments found ;
; final_image_rows[0]    ; No output delay, min/max delays, false-path exceptions, or max skew assignments found ;
; final_image_rows[1]    ; No output delay, min/max delays, false-path exceptions, or max skew assignments found ;
; final_image_rows[2]    ; No output delay, min/max delays, false-path exceptions, or max skew assignments found ;
; final_image_rows[3]    ; No output delay, min/max delays, false-path exceptions, or max skew assignments found ;
; final_image_rows[4]    ; No output delay, min/max delays, false-path exceptions, or max skew assignments found ;
; final_image_rows[5]    ; No output delay, min/max delays, false-path exceptions, or max skew assignments found ;
; final_image_rows[6]    ; No output delay, min/max delays, false-path exceptions, or max skew assignments found ;
; final_image_rows[7]    ; No output delay, min/max delays, false-path exceptions, or max skew assignments found ;
; final_image_rows[8]    ; No output delay, min/max delays, false-path exceptions, or max skew assignments found ;
; final_image_rows[9]    ; No output delay, min/max delays, false-path exceptions, or max skew assignments found ;
; final_image_rows[10]   ; No output delay, min/max delays, false-path exceptions, or max skew assignments found ;
; final_image_rows[11]   ; No output delay, min/max delays, false-path exceptions, or max skew assignments found ;
; final_image_rows[12]   ; No output delay, min/max delays, false-path exceptions, or max skew assignments found ;
; final_image_rows[13]   ; No output delay, min/max delays, false-path exceptions, or max skew assignments found ;
; final_image_rows[14]   ; No output delay, min/max delays, false-path exceptions, or max skew assignments found ;
; final_image_rows[15]   ; No output delay, min/max delays, false-path exceptions, or max skew assignments found ;
; final_image_rows[16]   ; No output delay, min/max delays, false-path exceptions, or max skew assignments found ;
; final_image_rows[17]   ; No output delay, min/max delays, false-path exceptions, or max skew assignments found ;
; final_image_rows[18]   ; No output delay, min/max delays, false-path exceptions, or max skew assignments found ;
; final_image_rows[19]   ; No output delay, min/max delays, false-path exceptions, or max skew assignments found ;
; final_image_rows[20]   ; No output delay, min/max delays, false-path exceptions, or max skew assignments found ;
; final_image_rows[21]   ; No output delay, min/max delays, false-path exceptions, or max skew assignments found ;
; final_image_rows[22]   ; No output delay, min/max delays, false-path exceptions, or max skew assignments found ;
; final_image_rows[23]   ; No output delay, min/max delays, false-path exceptions, or max skew assignments found ;
; final_image_rows[24]   ; No output delay, min/max delays, false-path exceptions, or max skew assignments found ;
; final_image_rows[25]   ; No output delay, min/max delays, false-path exceptions, or max skew assignments found ;
; final_image_rows[26]   ; No output delay, min/max delays, false-path exceptions, or max skew assignments found ;
; final_image_rows[27]   ; No output delay, min/max delays, false-path exceptions, or max skew assignments found ;
; final_image_rows[28]   ; No output delay, min/max delays, false-path exceptions, or max skew assignments found ;
; final_image_rows[29]   ; No output delay, min/max delays, false-path exceptions, or max skew assignments found ;
; final_image_rows[30]   ; No output delay, min/max delays, false-path exceptions, or max skew assignments found ;
; final_image_rows[31]   ; No output delay, min/max delays, false-path exceptions, or max skew assignments found ;
; feed_error_code[0]     ; No output delay, min/max delays, false-path exceptions, or max skew assignments found ;
; feed_error_code[1]     ; No output delay, min/max delays, false-path exceptions, or max skew assignments found ;
; feed_error_code[2]     ; No output delay, min/max delays, false-path exceptions, or max skew assignments found ;
; canonical_ready        ; No output delay, min/max delays, false-path exceptions, or max skew assignments found ;
; carry_passes[0]        ; No output delay, min/max delays, false-path exceptions, or max skew assignments found ;
; carry_passes[1]        ; No output delay, min/max delays, false-path exceptions, or max skew assignments found ;
+------------------------+---------------------------------------------------------------------------------------+

